"HASH (B)","USER (S)","DATE (N)","IMAGE_REF (S)","LING_ENCODED (B)"
"+0Bo2QFTJroEbrz14h3tdQ7vUvUXQ1y8wGkt+4zjoOg=","DOoc2yhl6HNqHQfeZCamSbeWFbk1","1586496342","ASLing/DOoc2yhl6HNqHQfeZCamSbeWFbk1/bogKkRUG2nzQU6WXKLbM","Ci4MDhASFBYYGhweICIkJigqLC4wMjQ2ODpkZmhqbG5wcnR2eHp8foABggGEAYYBEhgSFgoNHB0eHyAhIiMkJSYnKBIFdGVzdDMaBAgFEAU="
"1JSUM/ueNvUHn4ZKyN7bcOOmuuV2waugLnN+8KZ69Z0=","BcTm9JOPQUSRhAokEoGQRO5ONDY2","1587755688","ASLing/BcTm9JOPQUSRhAokEoGQRO5ONDY2/qVCUXSNCN1ojaow3QiKu","CmCgCaIJqAmqCawJrgmwCbIJtAm2CbgJugm8Cb4JwAnCCcQJxgnICcoJzAnOCdAJ0gnUCdYJ2AnaCdwJ3gngCeIJ5AnmCegJ6gnsCe4J8AnyCfQJ9gn4CfoJ/An+CYAKggoSJSIjQXJlIHlvdSBnb2luZyB0byBoZXIgcGFydHkgdG9uaWdodD8aBggCEAIYAg=="
"2pfDRsNXiyQk8TqjmhgeHAShQUhEk3dmDJ3Zpsn1eoc=","xLZO3KHKoEhefIH5KxOEF3EmRek2","1584812128","ASLing/xLZO3KHKoEhefIH5KxOEF3EmRek2/09lUqwASoHjOqCqrTICO","CjE+QEZISkxOUFJUVlhaXF5gYmRmaGpsbnBydHZ4enx+gAGCAYQBhgGIAYoBjAGOAZABEoUBEhIKC1pbXF1eX2BhYmNkEgNZT1USDgoHZGVmZ2hpahIDY2FuEg4KB2prbG1ub3ASA0FTSxIRCgtwcXJzdHV2d3h5ehICTUUSHgoSfH1+f4ABgQGCAYMBhAGFAYYBEghBTllUSElORyIcWW91IGNhbiBhc2sgbWUgZm9yIGFueXRoaW5nLhoGCAQQAxgC"
"2srs5bzyhwOdRLxzGo4iUJXjeRQsms/PXpdc4SXFLvs=","xLZO3KHKoEhefIH5KxOEF3EmRek2","1593638747","ASLing/xLZO3KHKoEhefIH5KxOEF3EmRek2/asdT0h3zkx7o7F1SuLnn","CssBVlheYGJkZmhqbG5wcnR2eHp8foABggGEAYYBiAGKAYwBjgGQAZIBlAGWAZgBmgGcAZ4BoAGiAaQBpgGoAaoBrAGuAbABsgG0AbYBuAG6AbwBvgHAAcIBxAHGAcgBygHMAc4B0AHSAdQB1gHYAdoB3AHeAeAB4gHkAeYB6AHqAewB7gHwAfIB9AH2AfgB+gH8Af4BgAKCAoQChgKIAooCjAKOApACkgKUApYCmAKaApwCngKgAqICpAKmAqgCqgKsAq4CsAKyArQCtgISsQISJQoeogGjAaQBpQGmAacBqAGpAaoBqwGsAa0BrgGvAbABEgNPTkUSFQoOsgGzAbQBtQG2AbcBuAESA0RBWRIsCia4AbkBugG7AbwBvQG+Ab8BwAHBAcIBwwHEAcUBxgHHAcgByQHKARICTUUSIgoazgHPAdAB0QHSAdMB1AHVAdYB1wHYAdkB2gESBEhPUEUSKgoi3gHfAeAB4QHiAeMB5AHlAeYB5wHoAekB6gHrAewB7QHuARIESEFWRRJRCkryAfMB9AH1AfYB9wH4AfkB+gH7AfwB/QH+Af8BgAKBAoICgwKEAoUChgKHAogCiQKKAosCjAKNAo4CjwKQApECkgKTApQClQKWAhIDU09OIiBJIGhvcGUgSeKAmWxsIGhhdmUgYSBzb24gb25lIGRheRoGCAIQAhgC"
"39dwpKD5rnlegKD8tokO5DiwirtW65SV00AsK/lFeWg=","xLZO3KHKoEhefIH5KxOEF3EmRek2","1584812814","ASLing/xLZO3KHKoEhefIH5KxOEF3EmRek2/L0GQEk6dsFGjzW7WGOvj","ClKMAY4BkAGWAZgBmgGcAZ4BoAGiAaQBpgGoAaoBrAGuAbABsgG0AbYBuAG6AbwBvgHAAcIBxAHGAcgBygHMAc4B0AHSAdQB1gHYAdoB3AHeAeABEsQBEiUKHqoBqwGsAa0BrgGvAbABsQGyAbMBtAG1AbYBtwG4ARIDRkVXEhYKDrgBuQG6AbsBvAG9Ab4BEgRNT1JFEiQKHr4BvwHAAcEBwgHDAcQBxQHGAccByAHJAcoBywHMARICRE8SEAoKzAHNAc4BzwHQARICTUUSJAoa0AHRAdIB0wHUAdUB1gHXAdgB2QHaAdsB3AESBmZpbmlzaCIlSnVzdCBhIGZldyBtb3JlIGVycmFuZHMgYW5kIEknbSBkb25lIRoGCAQQBBgE"
"3fQSUqMpPsK9l0zoPgsffPXaUnOOzA32YANptvPLCUc=","BcTm9JOPQUSRhAokEoGQRO5ONDY2","1590609206","ASLing/BcTm9JOPQUSRhAokEoGQRO5ONDY2/dXjQNWx1PxUc9SREfkax","CrAB2ALeAuAC4gLkAuYC6ALqAuwC7gL2AvgC+gL8Av4CgAOCA4QDhgOIA4oDjAOOA5ADkgOUA5YDmAOaA5wDngOgA6IDpAOmA6gDqgOsA64DsAOyA7QDtgO4A7oDvAO+A8ADwgPEA8YDyAPKA8wDzgPQA9ID1APWA9gD2gPcA94D4APiA+QD5gPoA+oD7APuA/AD8gP0A/YD+AP6A/wD/gOABIIEhASGBIgEigSMBI4EkAQSkQISNwoStgO3A7gDuQO6A7sDvAO9A74DEgJHTxodChAKBggCEAcYAhIGCAIQBxgCGAYiAQYqAkdPMAMSWQoWwgPDA8QDxQPGA8cDyAPJA8oDywPMAxIGSU5TSURFGjcKEgoGCBIQBhgCEgYIFBAGGAIYBRISCgYIEhAGGBMSBggUEAYYAhgIGAUiAQIqBklOU0lERTABEjMKCtAD0QPSA9MD1AMSAk1ZGiEKCgoGCBQQBhgCGAISCgoGCBQQBhgKGAIYCSIBAioCTVkSLAoi2gPbA9wD3QPeA98D4APhA+ID4wPkA+UD5gPnA+gD6QPqAxIGZnMtQ0FSIhhMZXTigJlzIGdvIGluc2lkZSBteSBjYXIaBggCEAIYAg=="
"48MU0EI3Bgu/57SrW/EeZqeXvr+EIYFCQd635nI3kI4=","BcTm9JOPQUSRhAokEoGQRO5ONDY2","1585431865","ASLing/BcTm9JOPQUSRhAokEoGQRO5ONDY2/p4HkTEzml4bTD5qaqB0V","CkKWCZgJnAmeCaAJogmkCaYJqAmqCawJrgmwCbIJtAm2CbgJugm8Cb4JwAnCCcQJxgnICcoJzAnOCdAJ0gnUCdYJ2AkSiAESEgoKqAmpCaoJqwmsCRIEdGhhdBIjChqyCbMJtAm1CbYJtwm4CbkJugm7CbwJvQm+CRIFd29tYW4SFwoOxAnFCcYJxwnICckJygkSBWNsZWFuEhYKDs4JzwnQCdEJ0gnTCdQJEgRsb29rIhxUaGF0IHdvbWFuIGxvb2tzIHNvIHBvbGlzaGVkGgYIAxADGAM="
"4nW/V4kfPTD2ZgZM7MJqITxnjkDa8Skt9LLPe1M2/xQ=","xLZO3KHKoEhefIH5KxOEF3EmRek2","1586282593","ASLing/xLZO3KHKoEhefIH5KxOEF3EmRek2/BDjQX6TpP351CdDIrFi3","CnyUFpoWnBaeFqAWohakFqYWqBaqFqwWrhawFrIWtBa2FrgWuha8Fr4WwBbCFsQWxhbIFsoWzBbOFtAW0hbUFtYW2BbaFtwW3hbgFuIW5BbmFugW6hbsFu4W8BbyFvQW9hb4FvoW/Bb+FoAXgheEF4YXiBeKF4wXjheQF5IXEvwBEhwKFsYWxxbIFskWyhbLFswWzRbOFs8W0BYSAk1FEjAKJtAW0RbSFtMW1BbVFtYW1xbYFtkW2hbbFtwW3RbeFt8W4BbhFuIWEgZBTFdBWVMSHgoW4hbjFuQW5RbmFucW6BbpFuoW6xbsFhIEQkVFThIrCh7sFu0W7hbvFvAW8RbyFvMW9Bb1FvYW9xb4FvkW+hYSCSNESUxJR0VOVBI1Cir6FvsW/Bb9Fv4W/xaAF4EXgheDF4QXhReGF4cXiBeJF4oXixeMF40XjhcSB1NUVURFTlQiJknigJl2ZSBhbHdheXMgYmVlbiBhIGRpbGlnZW50IHN0dWRlbnQuGgYIARABGAE="
"54ieBtaX06vrLroY7nsarj+g37Rtsi1+sCCTuXtLIfQ=","BcTm9JOPQUSRhAokEoGQRO5ONDY2","1586055282","ASLing/BcTm9JOPQUSRhAokEoGQRO5ONDY2/AX8xmS9Vs5ywYGnbG6GK","CiQeICYoKiwuMDI0Njg6PD5AQkRGSEpMTlBSVFZYWlxeYGJkZmgSmQESKAoFQEFCQ0QSBXdhdGNoGhgKCgoGCBYQBhgEGAIYCiIBAioFd2F0Y2gSJgoFSElKS0wSBHlvdXIaFwoKCgYIBhAHGAIYAhgKIgECKgR5b3VyEjQKCVBRUlNUVVZXWBIEc3RlcBohChIKBggGEAMYAhIGCAYQAxgCGAcYCiIBAioEc3RlcDABIg9XYXRjaCB5b3VyIHN0ZXAaBggDEAMYAw=="
"55gi5EMVKsDbF9jlFw74fWHvjlUV5RLAdL+j/EfR86k=","xLZO3KHKoEhefIH5KxOEF3EmRek2","1584811882","ASLing/xLZO3KHKoEhefIH5KxOEF3EmRek2/WX4BbATGfdo1HL9vmDtX","CmbiAeoB7AHuAfAB8gH0AfYB+AH6AfwB/gGAAoIChAKGAogCigKMAo4CkAKSApQClgKYApoCnAKeAqACogKkAqYCqAKqAqwCrgKwArICtAK2ArgCugK8Ar4CwALCAsQCxgLIAsoCzAISmwISHgoW+AH5AfoB+wH8Af0B/gH/AYACgQKCAhIEV0lMTBIVCg6EAoUChgKHAogCiQKKAhIDWU9VEiEKGooCiwKMAo0CjgKPApACkQKSApMClAKVApYCEgNjYW4SHgoWlgKXApgCmQKaApsCnAKdAp4CnwKgAhIEU0VORBIYChKgAqECogKjAqQCpQKmAqcCqAISAk1FEhYKDqgCqQKqAqsCrAKtAq4CEgRZT1VSEiAKFq4CrwKwArECsgKzArQCtQK2ArcCuAISBlJFUE9SVBIbChK8Ar0CvgK/AsACwQLCAsMCxAISBVRPREFZIi5XaWxsIHlvdSBiZSBhYmxlIHRvIHNlbmQgbWUgeW91ciByZXBvcnQgdG9kYXk/GgYIBBADGAQ="
"6p1SvsIYtbP57zXxjPHMeVo2HhGjiUywdNecXOx8y5U=","BcTm9JOPQUSRhAokEoGQRO5ONDY2","1589569600","ASLing/BcTm9JOPQUSRhAokEoGQRO5ONDY2/e8VbhRoDQIrz3MBTHsAG","CoYBoAOkA6YDrgOwA7IDtAO2A7gDugO8A74DwAPCA8QDxgPIA8oDzAPOA9AD0gPUA9YD2APaA9wD3gPgA+ID5APmA+gD6gPsA+4D8APyA/QD9gP4A/oD/AP+A4AEggSEBIYEiASKBIwEjgSQBJIElASWBJgEmgScBJ4EoASiBKQEpgSoBKoErAQSpwMSMwoK1APVA9YD1wPYAxICTUUaIQoKCgYIAhAGGAIYAhIKCgYIAhAGGAoYAhgJIgECKgJNRRJTChLcA90D3gPfA+AD4QPiA+MD5AMSBVNDQVJFGjYKEgoGCCgQBhgCEgYIKBAGGAIYBRISCgYIBhAGGAISBggGEAYYAhgFGAIiAQcqBVNDQVJFMAISUwoS6APpA+oD6wPsA+0D7gPvA/ADEgVDSEVDSxo2ChIKBggCEAYYBRIGCBQQBhgCGAgSEgoGCAIQBxgCEgYIFBAGGAIYBRgNIgEEKgVDSEVDSzABEk0KEvYD9wP4A/kD+gP7A/wD/QP+AxIGQkVISU5EGi8KEgoGCBAQBhgCEgYIEBAGGAIYBxIKCgYIEBAGGBMYCBgJIgECKgZCRUhJTkQwARJFCg6CBIMEhASFBIYEhwSIBBIERE9PUhotChIKBggTEAcYAhIGCBMQBxgCGAUSCgoGCBMQBhgCGAUYAiIBBSoERE9PUjABIjBJ4oCZbSBzY2FyZWQgdG8gY2hlY2sgd2hhdOKAmXMgYmVoaW5kIHRoYXQgZG9vci4aBggCEAIYAg=="
"8UGeoMtdUTUS2uA4yn42uNZx2sH5yVmnMbzSRRTEGac=","rgkMm1AjrwMGoVf7ho24FaGeEfG2","1588019145","ASLing/rgkMm1AjrwMGoVf7ho24FaGeEfG2/5L7xSfK3fUvsmqV5RawI","CqwB8AHyAfgB+gH8Af4BgAKCAoQChgKIAooCjAKOApACkgKUApYCmAKaApwCngKgAqICpAKmAqgCqgKsAq4CsAKyArQCtgK4AroCvAK+AsACwgLEAsYCyALKAswCzgLQAtIC1ALWAtgC2gLcAt4C4ALiAuQC5gLoAuoC7ALuAvAC8gL0AvYC+AL6AvwC/gKAA4IDhAOGA4gDigOMA44DkAOSA5QDlgOYA5oDnAOeAxKQBBIwCgq0ArUCtgK3ArgCEgJNRRoeCgoKBggCEAYYAhgCEgoKBggCEAYYCxgCGAkqAk1FEkIKBr4CvwLAAhIESEFWRRoyChIKBggSEAYYAhIGCBIQBhgCGAUSEgoGCBIQBhgLEgYIEhAGGAsYBRgJKgRIQVZFMAISUAoWxgLHAsgCyQLKAssCzALNAs4CzwLQAhIHTUlMTElPThotChIKBggSEAUYAhIGCBQQBBgCGAUSCgoGCBIQBRgTGAUYCioHTUlMTElPTjABEkcKEtQC1QLWAtcC2ALZAtoC2wLcAhIIUVVFU1RJT04aJwoKCgYILBAHGAIYAhIKCgYIAhADGAIYAhgPIgEGKghRVUVTVElPThJHCg7iAuMC5ALlAuYC5wLoAhIFQUJPVVQaLgoSCgYIAhAHGAISBgglEAQYAhgFEgoKBggCEAYYExgFGA0iAQMqBUFCT1VUMAESLAoO7ALtAu4C7wLwAvEC8gISBFRISVMaFAoKCgYIAhADGAIYAhgEKgRUSElTElkKGvoC+wL8Av0C/gL/AoADgQOCA4MDhAOFA4YDEgRCT09LGjUKEgoGCBMQBRgTEgYIExAFGBMYBRISCgYIExACGBMSBggTEAIYExgFGAIiAQMqBEJPT0swAiIraSBoYXZlIGEgbWlsbGlvbiBxdWVzdGlvbnMgYWJvdXQgdGhpcyBib29rLhoGCAIQAhgC"
"9Up/BtCaIMFMroXZI3msMuLVU9Ps2wt0eVc0UZG3zSU=","xLZO3KHKoEhefIH5KxOEF3EmRek2","1584989679","ASLing/xLZO3KHKoEhefIH5KxOEF3EmRek2/XxyyrIBcdJ14Ngi3NFbP","CkycAZ4BoAGmAagBqgGsAa4BsAGyAbQBtgG4AboBvAG+AcABwgHEAcYByAHKAcwBzgHQAdIB1AHWAdgB2gHcAd4B4AHiAeQB5gHoAeoBEoQBEiAKFr4BvwHAAcEBwgHDAcQBxQHGAccByAESBkxFVCBVUxIiChrIAckBygHLAcwBzQHOAc8B0AHRAdIB0wHUARIEUExBWRImCh7UAdUB1gHXAdgB2QHaAdsB3AHdAd4B3wHgAeEB4gESBEdBTUUiFExldOKAmXMgcGxheSBhIGdhbWUuGgYIARABGAE="
"9WvT9lA7Z4sevvGPfbyNEXSFmMII7YWTytE+B6jPFe0=","BcTm9JOPQUSRhAokEoGQRO5ONDY2","1584722925","ASLing/BcTm9JOPQUSRhAokEoGQRO5ONDY2/Wj0ydYgZjA5xFBnJU1OD","Ck0cJCYoKiwuMDI0Njg6PD5AQkRGSEpMTlBSVFZYWlxeYGJkZmhqbG5wcnR2eHp8foABggGEAYYBiAGKAYwBjgGQAZIBlAGWAZgBmgGcARLuARISCgsqKywtLi8wMTIzNBIDYmlnEgwKAzY3OBIFc21hbGwSFAoLOjs8PT4/QEFCQ0QSBWdyb3VwEhkKDUZHSElKS0xNTk9QUVISCHdoYXRldmVyEhIKCWJjZGVmZ2hpahIFc3RhcnQSDwoJbm9wcXJzdHV2EgJtZRIQCgh6e3x9fn+AARIEZmVlbBIdChaIAYkBigGLAYwBjQGOAY8BkAGRAZIBEgNzaHkiQ1doZXRoZXIgaW4gYmlnIG9yIHNtYWxsIGdyb3VwcywgSSBhbHdheXMgZmVlbCBhIGxpdHRsZSBzaHkgYXQgZmlyc3QaBggDEAIYAw=="
"CGUXcCtH+BJ4GknXw0sqPO6yYcTLoOvavQIg7SWIoPE=","BcTm9JOPQUSRhAokEoGQRO5ONDY2","1588954217","ASLing/BcTm9JOPQUSRhAokEoGQRO5ONDY2/srwMPU9aiadctqhyAnCa","CpoBnB+eH6Qfph+oH6ofrB+uH7Afsh+0H7YfuB+6H7wfvh/AH8IfxB/GH8gfyh/MH84f0B/SH9Qf1h/YH9of3B/eH+Af4h/kH+Yf6B/qH+wf7h/wH/If9B/2H/gf+h/8H/4fgCCCIIQghiCIIIogjCCOIJAgkiCUIJYgmCCaIJwgniCgIKIgpCCmIKggqiCsIK4gsCCyILQgtiC4IBKrBBJZChbQH9Ef0h/TH9Qf1R/WH9cf2B/ZH9ofEgZDSEFOR0UaNwoSCgYILBACGBMSBggsEAIYExgEEhIKBggsEAMYExIGCCwQAxgTGAMYBSIBBCoGQ0hBTkdFMAMSOQoK3h/fH+Af4R/iHxIFU0xFRVAaJAoKCgYIFBAGGAQYAhIKCgYIJRAGGAYYAhgEIgECKgVTTEVFUBJfChrmH+cf6B/pH+of6x/sH+0f7h/vH/Af8R/yHxIHQ0xPVEhFUxo4ChIKBggGEAQYCxIGCAYQBBgLGAUSEgoGCAYQAxgCEgYIBhADGAIYBRgFIgEEKgdDTE9USEVTMAISPwoO+B/5H/of+x/8H/0f/h8SDElYLU9ORS1wOjIsMxofCgoKBggCEAMYAhgCGAYiAQIqDElYLU9ORS1wOjIsMxJRChKCIIMghCCFIIYghyCIIIkgiiASBEJPVEgaNQoSCgYIKhAEGBMSBggGEAYYAhgDEhIKBggaEAYYDRIGCAYQBRgCGAQYBCIBAioEQk9USDABEi8KDo4gjyCQIJEgkiCTIJQgEgRORUVEGhcKCgoGCCwQBxgCGAIYBCIBBioETkVFRBI3Cg6YIJkgmiCbIJwgnSCeIBIDTk9XGiAKEgoGCC4QBBgCEgYILhAEGAIYBRgEIgECKgNOT1cwAiI0WW91IGJvdGggbmVlZCB0byBjaGFuZ2UgaW50byB5b3VyIHNsZWVwIGNsb3RoZXMgbm93LhoGCAIQAhgC"
"COz8d5pWmVKFaQeHWvkGtpEB1/48FD3BC4+bVp5oNrs=","BcTm9JOPQUSRhAokEoGQRO5ONDY2","1584821594","ASLing/BcTm9JOPQUSRhAokEoGQRO5ONDY2/fvMoualystt7EsDIQLn1","Chw6PEJERkhKTE5QUlRWWFpcXmBiZGZoamxucHJ0EmcSEgoJTE1OT1BRUlNUEgVhLWxvdBIWCg1iY2RlZmdoaWprbG1uEgVsZWFybhIPCgdYWVpbXF1eEgR3YW50IihUaGVyZSBhcmUgc28gbWFueSB0aGluZ3MgSSB3YW50IHRvIGxlYXJuGgYIAxADGAQ="
"CQi5+Oy1/GcJLQLcaXZtPZquPxpI19GavMtFr1Vg21Y=","xLZO3KHKoEhefIH5KxOEF3EmRek2","1586467269","ASLing/xLZO3KHKoEhefIH5KxOEF3EmRek2/MpYtsOdM8PfwuerSBwB7","Co4B9AH2AfwB/gGAAoIChAKGAogCigKMAo4CkAKSApQClgKYApoCnAKeAqACogKkAqYCqAKqAqwCrgKwArICtAK2ArgCugK8Ar4CwALCAsQCxgLIAsoCzALOAtAC0gLUAtYC2ALaAtwC3gLgAuIC5ALmAugC6gLsAu4C8ALyAvQC9gL4AvoC/AL+AoADggOEAxKUAhIiChaqAqsCrAKtAq4CrwKwArECsgKzArQCEghQT1NTLXA6MhI5Ci60ArUCtgK3ArgCuQK6ArsCvAK9Ar4CvwLAAsECwgLDAsQCxQLGAscCyALJAsoCEgdTT0NJRVRZEiYKHsoCywLMAs0CzgLPAtAC0QLSAtMC1ALVAtYC1wLYAhIESE9TVBJiCkLYAtkC2gLbAtwC3QLeAt8C4ALhAuIC4wLkAuUC5gLnAugC6QLqAusC7ALtAu4C7wLwAvEC8gLzAvQC9QL2AvcC+AISCkZVTkRSQUlTRVIaBioERlVORBoIKgZSQUlTRVIiJ1RoZWlyIHNvY2lldHkgaXMgaG9sZGluZyBhIGZ1bmQgcmFpc2VyLhoGCAEQARgB"
"Dhl/RcCfQ3pGEe/3+UI1qIA+6rWGGET2Cqvs1ANNb4A=","BcTm9JOPQUSRhAokEoGQRO5ONDY2","1586053096","ASLing/BcTm9JOPQUSRhAokEoGQRO5ONDY2/qSJBPA93EQYUQNDSEGLG","ChgiKiwuMDI0Njg6PD5AQkRGSEpMTlBSVFYSaBIVCgkwMTIzNDU2NzgSCGRlc2NyaWJlEhMKBzw9Pj9AQUISCHlvdXJzZWxmEgoKA0ZHSBIDb25lEg8KB0xNTk9QUVISBHdvcmQiHURlc2NyaWJlIHlvdXJzZWxmIGluIG9uZSB3b3JkGgYIAxADGAM="
"FgypIXJWibYmstzGve3YSX+NhuaraO9633RcI9I681o=","xLZO3KHKoEhefIH5KxOEF3EmRek2","1590619716","ASLing/xLZO3KHKoEhefIH5KxOEF3EmRek2/TjBIh0jjkMzijNOQ4tKm","CrIBmAGaAaIBpAGmAagBqgGsAa4BsAGyAbQBtgG4AboBvAG+AcABwgHEAcYByAHKAcwBzgHQAdIB1AHWAdgB2gHcAd4B4AHiAeQB5gHoAeoB7AHuAfAB8gH0AfYB+AH6AfwB/gGAAoIChAKGAogCigKMAo4CkAKSApQClgKYApoCnAKeAqACogKkAqYCqAKqAqwCrgKwArICtAK2ArgCugK8Ar4CwALCAsQCxgLIAsoCzALOAhK2AhIqCiLMAc0BzgHPAdAB0QHSAdMB1AHVAdYB1wHYAdkB2gHbAdwBEgRORUVEEioKIt4B3wHgAeEB4gHjAeQB5QHmAecB6AHpAeoB6wHsAe0B7gESBEhFTFASJgoe7gHvAfAB8QHyAfMB9AH1AfYB9wH4AfkB+gH7AfwBEgRXSVRIEhwKFvwB/QH+Af8BgAKBAoICgwKEAoUChgISAk1ZEjIKKoYChwKIAokCigKLAowCjQKOAo8CkAKRApICkwKUApUClgKXApgCmQKaAhIETUFUSBI+CjKaApsCnAKdAp4CnwKgAqECogKjAqQCpQKmAqcCqAKpAqoCqwKsAq0CrgKvArACsQKyAhIISE9NRVdPUksiIkkgbmVlZCBoZWxwIHdpdGggbXkgbWF0aCBob21ld29yay4aBggBEAIYAg=="
"HWqIQNX84o/VjtcrdByx43VOLN+Liwmcr4+755t0m3E=","xLZO3KHKoEhefIH5KxOEF3EmRek2","1587146937","ASLing/xLZO3KHKoEhefIH5KxOEF3EmRek2/wHjqB0OJQ3HCH1Yih65G","CmasArICtAK2ArgCugK8Ar4CwALCAsQCxgLIAsoCzALOAtAC0gLUAtYC2ALaAtwC3gLgAuIC5ALmAugC6gLsAu4C8ALyAvQC9gL4AvoC/AL+AoADggOEA4YDiAOKA4wDjgOQA5IDlAMSxAESFgoO5gLnAugC6QLqAusC7AISBCNCVVQSJAoa7gLvAvAC8QLyAvMC9AL1AvYC9wL4AvkC+gISBmZzLVNIRRImCh78Av0C/gL/AoADgQOCA4MDhAOFA4YDhwOIA4kDigMSBEFXQVkSEAoK0ALRAtIC0wLUAhICTUUSKwoi1gLXAtgC2QLaAtsC3ALdAt4C3wLgAuEC4gLjAuQC5QLmAhIFU09SUlkiHUnigJltIHNvcnJ5IGJ1dCBzaGXigJlzIGF3YXkuGgYIAhACGAE="
"HZd6AkE3/+qINGU9r+s3O97QMpiuhp7abiBddUI+YIc=","BcTm9JOPQUSRhAokEoGQRO5ONDY2","1584203151","ASLing/BcTm9JOPQUSRhAokEoGQRO5ONDY2/kIi36jMGJngpDi2PdqA3","CjzqCPII9Aj2CPgI+gj8CP4IgAmCCYQJhgmICYoJjAmOCZAJkgmUCZYJmAmaCZwJngmgCaIJpAmmCagJqgkSjAISIwoG/Aj9CP4IEgJNWRoVCgoKBggGEAYYChgCGAkiAQIqAk1ZEjsKDoIJgwmECYUJhgmHCYgJEgVNQUpPUhoiChIKBggREAUYExIGCBEQBBgCGAMYCiIBAioFTUFKT1IwARI9ChKOCY8JkAmRCZIJkwmUCZUJlgkSBFdIQVQaIQoSCgYIBhACGAISBggGEAIYAhgFGAgiAQIqBFdIQVQwAhJRChqcCZ0JngmfCaAJoQmiCaMJpAmlCaYJpwmoCRIKUFNZQ0hPTE9HWRonChIKBggUEAcYAhIGCBMQBhgTGAsYBiIBAioKUFNZQ0hPTE9HWTABIhZNeSBtYWpvciBpcyBQc3ljaG9sb2d5GgYIAhACGAE="
"HuKAaeibZ9U+zKwiEmCOevT/0vtnZUIC3WOjIrsmTTM=","xLZO3KHKoEhefIH5KxOEF3EmRek2","1590858633","ASLing/xLZO3KHKoEhefIH5KxOEF3EmRek2/SdaCwB6r0XTlUvbsCLtf","CpEBFBweICIkJigqLC4wMjQ2ODo8PkBCREZISkxOUFJUVlhaXF5gYmRmaGpsbnBydHZ4enx+gAGCAYQBhgGIAYoBjAGOAZABkgGUAZYBmAGaAZwBngGgAaIBpAGmAagBqgGsAa4BsAGyAbQBtgG4AboBvAG+AcABwgHEAcYByAHKAcwBzgHQAdIB1AHWAdgB2gHcARJpEhUKD1hZWltcXV5fYGFiY2RlZhICTUUSHgoXZmdoaWprbG1ub3BxcnN0dXZ3eHl6e3wSA1JVTiIwaSBhbSBydW5uaW5nIGxhdGUgZm9yIG15IGRvY3RvcuKAmXMgYXBwb2ludG1lbnQu"
"I9CS/8/CZeNpU6wsWIGXhIleqJeL4KkhHSTWipmkFPo=","BcTm9JOPQUSRhAokEoGQRO5ONDY2","1584204203","ASLing/BcTm9JOPQUSRhAokEoGQRO5ONDY2/DnG1W8egY814LG6Xh1r1","CmJ0dnh+gAGCAYQBhgGIAYoBjAGOAZABkgGUAZYBmAGaAZwBngGgAaIBpAGmAagBqgGsAa4BsAGyAbQBtgG4AboBvAG+AcABwgHEAcYByAHKAcwBzgHQAdIB1AHWAdgB2gHcARLsAhIrCg6MAY0BjgGPAZABkQGSARICTUUaFQoKCgYIAhAEGAoYAhgJIgECKgJNRRJNChKWAZcBmAGZAZoBmwGcAZ0BngESB0dST1ctVVAaFwoKCgYIBhADGAIYAhgCIgECKgRHUk9XGhUKCgoGCAYQAxgCGAIYAyIBAioCVVASLQoKpAGlAaYBpwGoARIFV0hFUkUaGAoKCgYIAhAHGAIYAhgCIgEEKgVXSEVSRRItCgqwAbEBsgGzAbQBEgVNQUlORRoYCgoKBggMEAMYDBgCGAkiAQIqBU1BSU5FEgASABIAEjEKCrgBuQG6AbsBvAESAkJZGh8KEgoGCBQQBhgCEgYIFBAGGAIYCBgNIgECKgJCWTABEjYKKsIBwwHEAcUBxgHHAcgByQHKAcsBzAHNAc4BzwHQAdEB0gHTAdQB1QHWARIIZnMtQ09BU1QiH0kgZ3JldyB1cCBieSB0aGUgY29hc3QgaW4gTWFpbmUaBggDEAMYAg=="
"Iws0AIGQIuZGZVw7kkBAV7nLGIUWJazLSy7QtWmByH0=","xLZO3KHKoEhefIH5KxOEF3EmRek2","1587162147","ASLing/xLZO3KHKoEhefIH5KxOEF3EmRek2/z6kKrz3kDYcGUPInzyVw","CqABngGgAaYBqAGqAawBrgGwAbIBtAG2AbgBugG8Ab4BwAHCAcQBxgHIAcoBzAHOAdAB0gHUAdYB2AHaAdwB3gHgAeIB5AHmAegB6gHsAe4B8AHyAfQB9gH4AfoB/AH+AYACggKEAoYCiAKKAowCjgKQApIClAKWApgCmgKcAp4CoAKiAqQCpgKoAqoCrAKuArACsgK0ArYCuAK6ArwCvgLAAhKLAhIwCibcAd0B3gHfAeAB4QHiAeMB5AHlAeYB5wHoAekB6gHrAewB7QHuARIGZnMtU0hFEicKHvQB9QH2AfcB+AH5AfoB+wH8Af0B/gH/AYACgQKCAhIFTEFVR0gSGwoShAKFAoYChwKIAokCigKLAowCEgVFVkVSWRIwCiaOAo8CkAKRApICkwKUApUClgKXApgCmQKaApsCnAKdAp4CnwKgAhIGTUlOVVRFEjIKJqICowKkAqUCpgKnAqgCqQKqAqsCrAKtAq4CrwKwArECsgKzArQCEghFVkVSWURBWSIrU2hl4oCZcyBsYXVnaGluZyBldmVyeSBtaW51dGUgb2YgZXZlcnkgZGF5LhoGCAIQAxgD"
"J7rXY/gR9pbQuIZDi/W6ivCe7gK0gMe3Q1aaaJ5cpRs=","BcTm9JOPQUSRhAokEoGQRO5ONDY2","1587866877","ASLing/BcTm9JOPQUSRhAokEoGQRO5ONDY2/FiWnAvyhmPm7zXfOWpbv","Cja2BrgGwAbCBsQGxgbIBsoGzAbOBtAG0gbUBtYG2AbaBtwG3gbgBuIG5AbmBugG6gbsBu4G8AYSnQESSwoW1AbVBtYG1wbYBtkG2gbbBtwG3QbeBhIOUkVNT1RFIENPTlRST0waIQoKCgYIEBAFGAIYAhgCIgEIKg5SRU1PVEUgQ09OVFJPTBIxCg7iBuMG5AblBuYG5wboBhIFV0hFUkUaGAoKCgYIAhAHGAIYAhgCIgEGKgVXSEVSRSIbV2hlcmUncyB0aGUgcmVtb3RlIGNvbnRyb2w/GgYIAhACGAI="
"JEBJ63xnF2GE9pN8rq9eJa/OhqXuvZewsRSYvadhr+g=","xLZO3KHKoEhefIH5KxOEF3EmRek2","1585862955","ASLing/xLZO3KHKoEhefIH5KxOEF3EmRek2/5p9hlb5oZxmk9B96qAO1","CnywAbgBugG8Ab4BwAHCAcQBxgHIAcoBzAHOAdAB0gHUAdYB2AHaAdwB3gHgAeIB5AHmAegB6gHsAe4B8AHyAfQB9gH4AfoB/AH+AYACggKEAoYCiAKKAowCjgKQApIClAKWApgCmgKcAp4CoAKiAqQCpgKoAqoCrAKuArACEvoBEh0KFuIB4wHkAeUB5gHnAegB6QHqAesB7AESA0NBThIVCg7sAe0B7gHvAfAB8QHyARIDWU9VEjEKJvIB8wH0AfUB9gH3AfgB+QH6AfsB/AH9Af4B/wGAAoECggKDAoQCEgdIRUxQLU1FEhoKEoQChQKGAocCiAKJAooCiwKMAhIEV0lUSBIUCg6MAo0CjgKPApACkQKSAhICTVkSOQoukgKTApQClQKWApcCmAKZApoCmwKcAp0CngKfAqACoQKiAqMCpAKlAqYCpwKoAhIHUFJPSkVDVCIiQ291bGQgeW91IGhlbHAgbWUgd2l0aCBteSBwcm9qZWN0PxoGCAIQARgD"
"KZrglNiLJc1lSaVIY0zP+NEL15UXtd366YVLqNwEYyw=","xLZO3KHKoEhefIH5KxOEF3EmRek2","1584893146","ASLing/xLZO3KHKoEhefIH5KxOEF3EmRek2/kO5UKCGu4y6plOgsdpML","ClLeAeYB6AHqAewB7gHwAfIB9AH2AfgB+gH8Af4BgAKCAoQChgKIAooCjAKOApACkgKUApYCmAKaApwCngKgAqICpAKmAqgCqgKsAq4CsAKyArQCEsgBEhwKFvoB+wH8Af0B/gH/AYACgQKCAoMChAISAk1FEhoKEoQChQKGAocCiAKJAooCiwKMAhIESEFWRRIeChaMAo0CjgKPApACkQKSApMClAKVApYCEgRQQVNTEiEKFpYClwKYApkCmgKbApwCnQKeAp8CoAISB0VOR0xJU0gSJgoeoAKhAqICowKkAqUCpgKnAqgCqQKqAqsCrAKtAq4CEgRURVNUIiFJIGhhdmUgdG8gcGFzcyB0aGlzIGVuZ2xpc2ggdGVzdC4aBggBEAEYAg=="
"MOUwepHtt/YvYfXjeziTQ4VyTsXzf6o/RpA5N7oHVGQ=","xLZO3KHKoEhefIH5KxOEF3EmRek2","1590859746","ASLing/xLZO3KHKoEhefIH5KxOEF3EmRek2/R4GevxggXg4f21jeX2Uo","CpwBnASkBKYEqASqBKwErgSwBLIEtAS2BLgEugS8BL4EwATCBMQExgTIBMoEzATOBNAE0gTUBNYE2ATaBNwE3gTgBOIE5ATmBOgE6gTsBO4E8ATyBPQE9gT4BPoE/AT+BIAFggWEBYYFiAWKBYwFjgWQBZIFlAWWBZgFmgWcBZ4FoAWiBaQFpgWoBaoFrAWuBbAFsgW0BbYFuAW6BbwFEo0CEhUKDtgE2QTaBNsE3ATdBN4EEgNUSUUSQgo23gTfBOAE4QTiBOME5ATlBOYE5wToBOkE6gTrBOwE7QTuBO8E8ATxBPIE8wT0BPUE9gT3BPgEEghmcy1ST1BFUxInCh74BPkE+gT7BPwE/QT+BP8EgAWBBYIFgwWEBYUFhgUSBUNBVENIEiYKGoYFhwWIBYkFigWLBYwFjQWOBY8FkAWRBZIFEghQT1NTLXM6NBI1CiqSBZMFlAWVBZYFlwWYBZkFmgWbBZwFnQWeBZ8FoAWhBaIFowWkBaUFpgUSB2ZzLUZPT1QiKEhlciBmb290IGdvdCBjYXVnaHQgaW4gb25lIG9mIHRoZSByb3Blcy4aBggCEAIYAg=="
"NQhMuViv2rBUJ2P9L5UksZO4/lQ3gZSqC9fRxJMB5oA=","xLZO3KHKoEhefIH5KxOEF3EmRek2","1585758354","ASLing/xLZO3KHKoEhefIH5KxOEF3EmRek2/ybvRVv9vgmf1UWeZTU7b","ClouMDg6PD5AQkRGSEpMTlBSVFZYWlxeYGJkZmhqbG5wcnR2eHp8foABggGEAYYBiAGKAYwBjgGQAZIBlAGWAZgBmgGcAZ4BoAGiAaQBpgGoAaoBrAGuAbABsgESISIfSWYgb25seSBJIGNvdWxkIHR1cm4gYmFjayB0aW1lLhoA"
"NqLOeZY/TpYIftGdpIYPstu/OIu4pBNDOBcBsG4TOWU=","xLZO3KHKoEhefIH5KxOEF3EmRek2","1590619003","ASLing/xLZO3KHKoEhefIH5KxOEF3EmRek2/ARMdgJcck6XZxqyJ36H4","Cp4BgAOEA4oDjAOOA5ADkgOUA5YDmAOaA5wDngOgA6IDpAOmA6gDqgOsA64DsAOyA7QDtgO4A7oDvAO+A8ADwgPEA8YDyAPKA8wDzgPQA9ID1APWA9gD2gPcA94D4APiA+QD5gPoA+oD7APuA/AD8gP0A/YD+AP6A/wD/gOABIIEhASGBIgEigSMBI4EkASSBJQElgSYBJoEnASeBKAEogQS/gESHgoW5gPnA+gD6QPqA+sD7APtA+4D7wPwAxIET1VUKxIgChrwA/ED8gPzA/QD9QP2A/cD+AP5A/oD+wP8AxICTVkSNAoq/AP9A/4D/wOABIEEggSDBIQEhQSGBIcEiASJBIoEiwSMBI0EjgSPBJAEEgZXSU5ET1cSJAoaxgPHA8gDyQPKA8sDzAPNA84DzwPQA9ED0gMSBkxJVFRMRRIyCirSA9MD1APVA9YD1wPYA9kD2gPbA9wD3QPeA98D4APhA+ID4wPkA+UD5gMSBEJJUkQiKlRoZXJl4oCZcyBhIGxpdHRsZSBiaXJkIG91dHNpZGUgbXkgd2luZG93LhoGCAMQAhgC"
"OF665kRGA+9KzeenbZtgBIaKXPWFMAy8Wf40OdhaJJM=","xLZO3KHKoEhefIH5KxOEF3EmRek2","1585410870","ASLing/xLZO3KHKoEhefIH5KxOEF3EmRek2/4Q7Llsy9nA3UdHB4DsSv","CmyGAYgBigGQAZIBlAGWAZgBmgGcAZ4BoAGiAaQBpgGoAaoBrAGuAbABsgG0AbYBuAG6AbwBvgHAAcIBxAHGAcgBygHMAc4B0AHSAdQB1gHYAdoB3AHeAeAB4gHkAeYB6AHqAewB7gHwAfIB9AES2wESHQoWsAGxAbIBswG0AbUBtgG3AbgBuQG6ARIDWU9VEhEKCroBuwG8Ab0BvgESA0FORBIkCh6+Ab8BwAHBAcIBwwHEAcUBxgHHAcgByQHKAcsBzAESAk1FEjQKKswBzQHOAc8B0AHRAdIB0wHUAdUB1gHXAdgB2QHaAdsB3AHdAd4B3wHgARIGQUxXQVlTEigKHuAB4QHiAeMB5AHlAeYB5wHoAekB6gHrAewB7QHuARIGRlJJRU5EIiFZb3UgYW5kIGkgd2lsbCBhbHdheXMgYmUgZnJpZW5kcy4aBggCEAIYAg=="
"OJ49G1fFStSq3cSuw1S6noQAOAYnGLiOOzMhtF9zYbA=","BcTm9JOPQUSRhAokEoGQRO5ONDY2","1588611627","ASLing/BcTm9JOPQUSRhAokEoGQRO5ONDY2/pJ9LjsKEtwyXuM3zZAvo","Co0BKDAyNDY4Ojw+QEJERkhKTE5QUlRWWFpcXmBiZGZoamxucHJ0dnh6fH6AAYIBhAGGAYgBigGMAY4BkAGSAZQBlgGYAZoBnAGeAaABogGkAaYBqAGqAawBrgGwAbIBtAG2AbgBugG8Ab4BwAHCAcQBxgHIAcoBzAHOAdAB0gHUAdYB2AHaAdwB3gHgAeIBEk0iS1doZXRoZXIgaW4gYmlnIGdyb3VwcyBvciBzbWFsbCBncm91cHMsIEkgYWx3YXlzIGZlZWwgYSBsaXR0bGUgc2h5IGF0IGZpcnN0LhoGCAIQAxgC"
"OxSFTO50r6aYsM60dDpCAI7DodRFlxUJzqGbvYWaUys=","xLZO3KHKoEhefIH5KxOEF3EmRek2","1587416495","ASLing/xLZO3KHKoEhefIH5KxOEF3EmRek2/dzxzPxjsgmNzsKvM38OC","CoQBrgGwAbYBuAG6AbwBvgHAAcIBxAHGAcgBygHMAc4B0AHSAdQB1gHYAdoB3AHeAeAB4gHkAeYB6AHqAewB7gHwAfIB9AH2AfgB+gH8Af4BgAKCAoQChgKIAooCjAKOApACkgKUApYCmAKaApwCngKgAqICpAKmAqgCqgKsAq4CsAKyArQCEuoBEiQKGtYB1wHYAdkB2gHbAdwB3QHeAd8B4AHhAeIBEgZmcy1TSEUSHQoW6gHrAewB7QHuAe8B8AHxAfIB8wH0ARIDSEFTEh4KFvYB9wH4AfkB+gH7AfwB/QH+Af8BgAISBExPTkcSMwoqggKDAoQChQKGAocCiAKJAooCiwKMAo0CjgKPApACkQKSApMClAKVApYCEgVCUk9XThIyCiqYApkCmgKbApwCnQKeAp8CoAKhAqICowKkAqUCpgKnAqgCqQKqAqsCrAISBEhBSVIiGlNoZSBoYXMgbG9uZywgYnJvd24gaGFpci4gGgYIARABGAE="
"Ph9x9WFviodb2Bwbbwq8oJfTGk9jJdFZmoI6wkppITE=","BcTm9JOPQUSRhAokEoGQRO5ONDY2","1594051271","ASLing/BcTm9JOPQUSRhAokEoGQRO5ONDY2/jFu7jD3dD69Cd4Lhcs5f","CnVucnp8foABggGEAYYBiAGKAYwBjgGQAZIBlAGWAZgBmgGcAZ4BoAGiAaQBpgGoAaoBrAGuAbABsgG0AbYBuAG6AbwBvgHAAcIBxAHGAcgBygHMAc4B0AHSAdQB1gHYAdoB3AHeAeAB4gHkAeYB6AHqAewB7gESmQESEAoKoAGhAaIBowGkARICTVkSIAoWqAGpAaoBqwGsAa0BrgGvAbABsQGyARIGU0lTVEVSEhIKCroBuwG8Ab0BvgESBERBVEUSLgoiwgHDAcQBxQHGAccByAHJAcoBywHMAc0BzgHPAdAB0QHSARIIQU1FUklDQU4iH015IHNpc3RlciBpcyBkYXRpbmcgYW4gQW1lcmljYW4aBggCEAIYAg=="
"RJCzA2viJ65xjaRdDTdBS5tCDaKIiBVGZp3oAf4HSPs=","xLZO3KHKoEhefIH5KxOEF3EmRek2","1587417177","ASLing/xLZO3KHKoEhefIH5KxOEF3EmRek2/V5cQv2ovIwUH58xnfsOW","CmSQAZIBlAGaAZwBngGgAaIBpAGmAagBqgGsAa4BsAGyAbQBtgG4AboBvAG+AcABwgHEAcYByAHKAcwBzgHQAdIB1AHWAdgB2gHcAd4B4AHiAeQB5gHoAeoB7AHuAfAB8gH0AfYBErEBEhsKErYBtwG4AbkBugG7AbwBvQG+ARIFVE9EQVkSLwomwAHBAcIBwwHEAcUBxgHHAcgByQHKAcsBzAHNAc4BzwHQAdEB0gESBUZJUlNUEhcKDtQB1QHWAdcB2AHZAdoBEgVmcy1PRhInChrcAd0B3gHfAeAB4QHiAeMB5AHlAeYB5wHoARIJI05PVkVNQkVSIh9Ub2RheSBpcyB0aGUgZmlyc3Qgb2YgTm92ZW1iZXIuGgYIARABGAI="
"RRdHc8P2oBxobjLfdqrRwI8Jy3YRrG/LunaZ9XgiF4w=","rgkMm1AjrwMGoVf7ho24FaGeEfG2","1585516272","ASLing/rgkMm1AjrwMGoVf7ho24FaGeEfG2/ThiXBvN8JG9ysEgQAtEN","CmK2AbgBvgHAAcIBxAHGAcgBygHMAc4B0AHSAdQB1gHYAdoB3AHeAeAB4gHkAeYB6AHqAewB7gHwAfIB9AH2AfgB+gH8Af4BgAKCAoQChgKIAooCjAKOApACkgKUApYCmAKaAhLLAhI0Cg7aAdsB3AHdAd4B3wHgARICTVkaHgoKCgYIExAGGAIYAhIKCgYIExAGGAoYAhgJKgJNWRIwCg7mAecB6AHpAeoB6wHsARIGRkFUSEVSGhYKCgoGCAYQBRgEGAIYCyoGRkFUSEVSEhcKDvAB8QHyAfMB9AH1AfYBEgVmcy1TTxJYChL6AfsB/AH9Af4B/wGAAoECggISCUlNUE9SVEFOVBo3ChIKBggMEAUYAhIGCAwQBRgCGAUSEgoGCAwQBxgTEgYIDBAHGBMYBRgMKglJTVBPUlRBTlQwAhIqCgaGAocCiAISAlRPGhwKEgoGCAIQBRgCEgYIAhAEGAIYBRgHKgJUTzABEiAKBowCjQKOAhICTUUaEgoKCgYIAhAGGAsYAhgCKgJNRSIgbXkgZmF0aGVyIGlzIHNvIGltcG9ydGFudCB0byBtZS4aBggCEAIYAQ=="
"So8xsrP1MfVnnZRGIpNR8tiVsy362PGSOpu+pIA0HEA=","rgkMm1AjrwMGoVf7ho24FaGeEfG2","1587845823","ASLing/rgkMm1AjrwMGoVf7ho24FaGeEfG2/h22T9TICTNi1nfPm0t2g","CqIBogGqAawBrgGwAbIBtAG2AbgBugG8Ab4BwAHCAcQBxgHIAcoBzAHOAdAB0gHUAdYB2AHaAdwB3gHgAeIB5AHmAegB6gHsAe4B8AHyAfQB9gH4AfoB/AH+AYACggKEAoYCiAKKAowCjgKQApIClAKWApgCmgKcAp4CoAKiAqQCpgKoAqoCrAKuArACsgK0ArYCuAK6ArwCvgLAAsICxALGAsgCEt4DEncKOtYB1wHYAdkB2gHbAdwB3QHeAd8B4AHhAeIB4wHkAeUB5gHnAegB6QHqAesB7AHtAe4B7wHwAfEB8gESA0NBTho0ChIKBggoEAcYAhIGCCgQBxgCGAUSEgoGCCgQAxgCEgYIKBADGAIYBRgEIgEGKgNDQU4wAhIqCg74AfkB+gH7AfwB/QH+ARIDWU9VGhMKCgoGCAIQBRgCGAIYCioDWU9VEkgKFoQChQKGAocCiAKJAooCiwKMAo0CjgISCUE6V1JJVEU6UxojChIKBggmEAMYExIGCBMQAhgCGAMYCSoJQTpXUklURTpTMAESNQoKngKfAqACoQKiAhIDRk9SGiIKCgoGCAIQBRgHGAISCgoGCAIQBxgHGAIYCiIBBCoDRk9SEkQKJqYCpwKoAqkCqgKrAqwCrQKuAq8CsAKxArICswK0ArUCtgK3ArgCEgRUSElTGhQKCgoGCAIQAxgCGAIYBCoEVEhJUxJFChKSApMClAKVApYClwKYApkCmgISCE1FRElDSU5FGiUKEgoGCA4QBRgTEgYIFBACGAIYAxgFIgEGKghNRURJQ0lORTABIiljYW4geW91IHdyaXRlIG1lIGEgcHJlc2NyaXB0aW9uIGZvciB0aGlzPxoGCAEQAhgC"
"VTXkppUjH3F1wCfmvjWsxouDK50WAQ6wMUP7pxm5QQM=","BcTm9JOPQUSRhAokEoGQRO5ONDY2","1585001463","ASLing/BcTm9JOPQUSRhAokEoGQRO5ONDY2/o24vUl4ZiXNMjJta0QgI","CkyeAaQBpgGoAaoBrAGuAbABsgG0AbYBuAG6AbwBvgHAAcIBxAHGAcgBygHMAc4B0AHSAdQB1gHYAdoB3AHeAeAB4gHkAeYB6AHqAewBErMBEhsKEqoBqwGsAa0BrgGvAbABsQGyARIFbWF5YmUSKAoatgG3AbgBuQG6AbsBvAG9Ab4BvwHAAcEBwgESCmNvbXByb21pc2USHgoWxgHHAcgByQHKAcsBzAHNAc4BzwHQARIEbWFrZRINCgbcAd0B3gESA2NhbhIUCg7iAeMB5AHlAeYB5wHoARICd2UiJVBlcmhhcHMgd2UgY2FuIGFycml2ZSBhdCBhIGNvbXByb21pc2UaBggDEAMYAw=="
"WcKtyOVx6xPlKZvRO/FJM5XjxbEqClfTD9aqykfrh04=","BcTm9JOPQUSRhAokEoGQRO5ONDY2","1588882823","ASLing/BcTm9JOPQUSRhAokEoGQRO5ONDY2/Q1exJIK9GpGfMFNJUBCU","CogBvgbABsgGygbMBs4G0AbSBtQG1gbYBtoG3AbeBuAG4gbkBuYG6AbqBuwG7gbwBvIG9Ab2BvgG+gb8Bv4GgAeCB4QHhgeIB4oHjAeOB5AHkgeUB5YHmAeaB5wHngegB6IHpAemB6gHqgesB64HsAeyB7QHtge4B7oHvAe+B8AHwgfEB8YHyAfMBxKYAxJbChaAB4EHggeDB4QHhQeGB4cHiAeJB4oHEgdDT0xMRUdFGjgKEgoGCAYQAxgTEgYIBhACGAwYAxISCgYIBhAHGAISBggGEAIYDBgDGAMiAQIqB0NPTExFR0UwARJTChKOB48HkAeRB5IHkweUB5UHlgcSBUNMQVNTGjYKEgoGCBUQBxgTEgYIFRAHGBMYBRISCgYIFRAEGBMSBggVEAQYExgFGAoiAQMqBUNMQVNTMAISUQoSmAeZB5oHmwecB50HngefB6AHEgRUQUtFGjUKEgoGCAcQAxgLEgYIBxADGAsYBRISCgYIKBAHGAkSBggoEAcYCRgFGAMiAQYqBFRBS0UwAhIpCgqkB6UHpgenB6gHEgNZT1UaFgoKCgYIAhADGAIYAhgKIgECKgNZT1USPQoSrAetB64HrwewB7EHsgezB7QHEgRXSEFUGiEKEgoGCAYQAhgCEgYIBhACGAIYBRgIIgECKgRXSEFUMAMiJ1doYXQgY291cnNlIGRpZCB5b3UgdGFrZSB1cCBpbiBjb2xsZWdlPxoGCAIQAxgC"
"Y6BvgXHtmKwUQn7JKI2ouy2CHas9FeJ+07IB6j7mVC4=","xLZO3KHKoEhefIH5KxOEF3EmRek2","1586284449","ASLing/xLZO3KHKoEhefIH5KxOEF3EmRek2/PrPwNpSWkBz9DAR9m1U1","Cli4AsACwgLEAsYCyALKAswCzgLQAtIC1ALWAtgC2gLcAt4C4ALiAuQC5gLoAuoC7ALuAvAC8gL0AvYC+AL6AvwC/gKAA4IDhAOGA4gDigOMA44DkAOSA5QDEsgBEioKFt4C3wLgAuEC4gLjAuQC5QLmAucC6AISEElYLU9ORS1wOlMsMiwzLDQSEgoK6ALpAuoC6wLsAhIEV0lMTBIcChbsAu0C7gLvAvAC8QLyAvMC9AL1AvYCEgJHTxIfChb2AvcC+AL5AvoC+wL8Av0C/gL/AoADEgVXQVRDSBInCh6AA4EDggODA4QDhQOGA4cDiAOJA4oDiwOMA40DjgMSBW1vdmllIh5XZSBhcmUgZ29pbmcgdG8gd2F0Y2ggYSBtb3ZpZS4aBggCEAUYBA=="
"Ym/DevdKrg1MlfsGLSktw52BNV03oXOkD3Tb7MFJEvM=","rgkMm1AjrwMGoVf7ho24FaGeEfG2","1584993658","ASLing/rgkMm1AjrwMGoVf7ho24FaGeEfG2/LZx8dmA4z8ompCyxgeeN","CmFkbG5wcnR2eHp8foABggGEAYYBiAGKAYwBjgGQAZIBlAGWAZgBmgGcAZ4BoAGiAaQBpgGoAaoBrAGuAbABsgG0AbYBuAG6AbwBvgHAAcIBxAHGAcgBygHMAc4B0AHSAdQBEtoBEjEKIowBjQGOAY8BkAGRAZIBkwGUAZUBlgGXAZgBmQGaAZsBnAESC1RXTy1vZi1USEVNEh4KEqIBowGkAaUBpgGnAagBqQGqARIIYnJlYWstdXASDQoGsAGxAbIBEgNCVVQSHwoWtgG3AbgBuQG6AbsBvAG9Ab4BvwHAARIFc3RpbGwSHAoSxAHFAcYBxwHIAckBygHLAcwBEgZmcmllbmQiN2V2ZW4gaWYgdGhleeKAmXZlIGJyb2tlbiB1cCwgdGhleSBzdGlsbCByZW1haW4gZnJpZW5kcy4aBggBEAIYAw=="
"YyL+vf/bX9Q85Jqtbh30Vp8WtZk2KNT1i+WbY0U+gr0=","BcTm9JOPQUSRhAokEoGQRO5ONDY2","1586104297","ASLing/BcTm9JOPQUSRhAokEoGQRO5ONDY2/NXZwYogeomPgFyp0c4ni","CiIQGBocHiAiJCYoKiwuMDI0Njg6PD5AQkRGSEpMTlBSVFZYEp4CEi4KBSIjJCUmEghwb3NzLXM6MRobCgoKBggTEAcYAhgCGAYiAQIqCHBvc3MtczoxEkYKBywtLi8wMTISBHJvb20aNQoSCgYIFBAGGBMSBggUEAYYExgIEhIKBggUEAUYAhIGCBQQBRgCGAUYDiIBBCoEcm9vbTADEkQKCTY3ODk6Ozw9PhIDZW5kGjIKEAoGCBQQBRgTEgYIFBAGGAISEgoGCBQQBRgCEgYIFBAGGAIYBBgEIgECKgNlbmQwARI2CgtERUZHSElKS0xNThIEaGFsbBohChIKBggTEAUYAhIGCBMQBRgCGAUYCiIBAioEaGFsbDACIiZIaXMgcm9vbSBpcyBhdCB0aGUgZW5kIG9mIHRoZSBjb3JyaWRvchoGCAMQAxgD"
"Z+dmJDCpT0ukj9e0n9J0l5sgk0oJC5d/Eek5uwfcHG0=","BcTm9JOPQUSRhAokEoGQRO5ONDY2","1584818410","ASLing/BcTm9JOPQUSRhAokEoGQRO5ONDY2/4JWyFG0FrmMFhf8t3hjQ","CkEWGB4gIiQmKCosLjAyNDY4Ojw+QEJERkhKTE5QUlRWWFpcXmBiZGZoamxucHJ0dnh6fH6AAYIBhAGGAYgBigGMARLvARIXCgkyMzQ1Njc4OToSCml4LW9uZS1zOjISFQoNPj9AQUJDREVGR0hJShIEI2JhZxITCgVMTU5PUBIKaXgtb25lLXM6MhIJCgNSU1QSAm1lEg8KB1hZWltcXV4SBGxpa2USFwoNYGFiY2RlZmdoaWprbBIGYmV0dGVyEhMKBXJzdHV2EgppeC1vbmUtczozEiUKFnx9fn+AAYEBggGDAYQBhQGGAYcBiAESC3lvdS1zaG93LW1lIjdJIGxpa2UgdGhpcyBiYWcgYmV0dGVyIHRoYW4gdGhlIG90aGVyIG9uZSB5b3Ugc2hvd2VkIG1lGgYIAxADGAU="
"ZKk2PIV4mcYpwDE7SwWThsFN9/e2cBVwHgnkupoWSTg=","BcTm9JOPQUSRhAokEoGQRO5ONDY2","1588696665","ASLing/BcTm9JOPQUSRhAokEoGQRO5ONDY2/r4cE4seefL8u739DHDHT","CnM8PkZISkxOUFJUVlhaXF5gYmRmaGpsbnBydHZ4enx+gAGCAYQBhgGIAYoBjAGOAZABkgGUAZYBmAGaAZwBngGgAaIBpAGmAagBqgGsAa4BsAGyAbQBtgG4AboBvAG+AcABwgHEAcYByAHKAcwBzgHQAdQBEr0CEjcKDoABgQGCAYMBhAGFAYYBEgNHQVMaIAoSCgYIEBAHGBMSBggoEAYYAhgDGAQiAQIqA0dBUzABEk0KGooBiwGMAY0BjgGPAZABkQGSAZMBlAGVAZYBEghJTkRVU1RSWRolChIKBggcEAUYEBIGCBIQAxgCGAgYCCIBAioISU5EVVNUUlkwARI7Cg6cAZ0BngGfAaABoQGiARIFUFJJQ0UaIgoSCgYILBAGGAISBggUEAYYAhgIGAQiAQIqBVBSSUNFMAESUQoepgGnAagBqQGqAasBrAGtAa4BrwGwAbEBsgGzAbQBEghJTkNSRUFTRRolChIKBgghEAMYExIGCCEQAxgCGAMYAyIBAyoISU5DUkVBU0UwASIjVGhlIGZ1ZWwgaW5kdXN0cnkgaXMgaGlraW5nIHByaWNlcy4aBggCEAIYAg=="
"aSEVpZ20RnT1jYXrjFPm0Ilan+0GZyAjV7n0Lr+/1qg=","BcTm9JOPQUSRhAokEoGQRO5ONDY2","1585431003","ASLing/BcTm9JOPQUSRhAokEoGQRO5ONDY2/y4T9yewthM1mYQ2gaygN","Cit0fH6AAYIBhAGGAYgBigGMAY4BkAGSAZQBlgGYAZoBnAGeAaABogGkAaYBEogBEhYKDoABgQGCAYMBhAGFAYYBEgRnb29kEhkKDogBiQGKAYsBjAGNAY4BEgdzdHVkZW50EhgKDpIBkwGUAZUBlgGXAZgBEgZhbHdheXMSFAoOmgGbAZwBnQGeAZ8BoAESAm1lIiNJJ3ZlIGFsd2F5cyBiZWVuIGEgZGlsaWdlbnQgc3R1ZGVudBoGCAMQAxgD"
"aXwhpNPPI6EIkkkaVKyQQohnMrI7BiEyn8pEL6Un+u8=","xLZO3KHKoEhefIH5KxOEF3EmRek2","1591637199","ASLing/xLZO3KHKoEhefIH5KxOEF3EmRek2/eVoeRO9EwYh1n8e7yopD","CqQB5AHsAe4B8AHyAfQB9gH4AfoB/AH+AYACggKEAoYCiAKKAowCjgKQApIClAKWApgCmgKcAp4CoAKiAqQCpgKoAqoCrAKuArACsgK0ArYCuAK6ArwCvgLAAsICxALGAsgCygLMAs4C0ALSAtQC1gLYAtoC3ALeAuAC4gLkAuYC6ALqAuwC7gLwAvIC9AL2AvgC+gL8Av4CgAOCA4QDhgOIA4oDjAMSuAESMAoqsAKxArICswK0ArUCtgK3ArgCuQK6ArsCvAK9Ar4CvwLAAsECwgLDAsQCEgJNWRI6CjLEAsUCxgLHAsgCyQLKAssCzALNAs4CzwLQAtEC0gLTAtQC1QLWAtcC2ALZAtoC2wLcAhIEV09SSxIqCiLiAuMC5ALlAuYC5wLoAukC6gLrAuwC7QLuAu8C8ALxAvICEgRGVUxMIhxNeSB3b3JrIGxvYWQgaXMgc28gZnVsbCBub3cuGgYIAhACGAI="
"boXgZew0rahawNOivjmRDYP30hLhBEdEo6uLj7Z4PAQ=","xLZO3KHKoEhefIH5KxOEF3EmRek2","1584893636","ASLing/xLZO3KHKoEhefIH5KxOEF3EmRek2/tWVLPKXDFFEBo0S4Uj3L","CkZSVFxeYGJkZmhqbG5wcnR2eHp8foABggGEAYYBiAGKAYwBjgGQAZIBlAGWAZgBmgGcAZ4BoAGiAaQBpgGoAaoBrAGuAbABEsEBEhYKDWxtbm9wcXJzdHV2d3gSBWZzLUhFEhYKDnh5ent8fX5/gAGBAYIBEgRXQU5UEiIKGoIBgwGEAYUBhgGHAYgBiQGKAYsBjAGNAY4BEgRKT0lOEiAKFo4BjwGQAZEBkgGTAZQBlQGWAZcBmAESBlNPQ0NFUhImCh6YAZkBmgGbAZwBnQGeAZ8BoAGhAaIBowGkAaUBpgESBFRFQU0iIUhlIHdhbnRzIHRvIGpvaW4gdGhlIHNvY2NlciB0ZWFtLhoGCAIQAhgC"
"c8geVSiIY1PYrBKTbNp4A41MZYIRtXslHvgvxYwS28M=","xLZO3KHKoEhefIH5KxOEF3EmRek2","1587401443","ASLing/xLZO3KHKoEhefIH5KxOEF3EmRek2/ARUYbeDNnll8khYnJ0Nc","CpoBtgG4Ab4BwAHCAcQBxgHIAcoBzAHOAdAB0gHUAdYB2AHaAdwB3gHgAeIB5AHmAegB6gHsAe4B8AHyAfQB9gH4AfoB/AH+AYACggKEAoYCiAKKAowCjgKQApIClAKWApgCmgKcAp4CoAKiAqQCpgKoAqoCrAKuArACsgK0ArYCuAK6ArwCvgLAAsICxALGAsgCygLMAs4C0ALUAhKdAhIwCibmAecB6AHpAeoB6wHsAe0B7gHvAfAB8QHyAfMB9AH1AfYB9wH4ARIGUkVTVUxUEiYKHvoB+wH8Af0B/gH/AYACgQKCAoMChAKFAoYChwKIAhIEVEhJUxIuCiKKAosCjAKNAo4CjwKQApECkgKTApQClQKWApcCmAKZApoCEghPVVRSRUFDSBI9CjKcAp0CngKfAqACoQKiAqMCpAKlAqYCpwKoAqkCqgKrAqwCrQKuAq8CsAKxArICswK0AhIHUFJPR1JBTRIhCha4ArkCugK7ArwCvQK+Ar8CwALBAsICEgdBTUFaSU5HIi9UaGUgcmVzdWx0IG9mIHRoaXMgb3V0cmVhY2ggcHJvZ3JhbSBpcyBhbWF6aW5nLhoGCAMQAxgD"
"eixln2QWWilvN4gLML+WEUz9QC9gUlucV/QO6caoJqY=","BcTm9JOPQUSRhAokEoGQRO5ONDY2","1590854324","ASLing/BcTm9JOPQUSRhAokEoGQRO5ONDY2/DNQnGpjd5dM30WJR7gwH","CoYBpASuBLAEsgS0BLYEuAS6BLwEvgTABMIExATGBMgEygTMBM4E0ATSBNQE1gTYBNoE3ATeBOAE4gTkBOYE6ATqBOwE7gTwBPIE9AT2BPgE+gT8BP4EgAWCBYQFhgWIBYoFjAWOBZAFkgWUBZYFmAWaBZwFngWgBaIFpAWmBagFqgWsBa4FsAUShgESGgoS7gTvBPAE8QTyBPME9AT1BPYEEgRXSUxMEhEKCvoE+wT8BP0E/gQSA1lPVRIdChKEBYUFhgWHBYgFiQWKBYsFjAUSB1NVUFBPUlQSIAoSkAWRBZIFkwWUBZUFlgWXBZgFEgpJWC1PTkUtczozIhRXaWxsIHlvdSBzdXBwb3J0IGhpbRoGCAIQAhgC"
"ekXJeB+cDzb7f9pImYJAsXZZls3B69CkP/Idmw3Wg54=","BcTm9JOPQUSRhAokEoGQRO5ONDY2","1588438405","ASLing/BcTm9JOPQUSRhAokEoGQRO5ONDY2/D0auuTAnckawr3RDQKGx","Cj0SHB4gIiQmKCosLjAyNDY4Ojw+QEJERkhKTE5QUlRWWFpcXmBiZGZoamxucHJ0dnh6fH6AAYIBhAGGAYgBEh0iG1BsZWFzZSB0aHJvdyBvdXQgdGhlIHRyYXNoLhoGCAIQAhgC"
"fInmFvdJylXc6Bgf38ToCaL1EMqTZV0a8MN7qyfDWys=","xLZO3KHKoEhefIH5KxOEF3EmRek2","1585953353","ASLing/xLZO3KHKoEhefIH5KxOEF3EmRek2/T24ZeeYRdLK2FHndQLF5","CpYBsgG0AbwBvgHAAcIBxAHGAcgBygHMAc4B0AHSAdQB1gHYAdoB3AHeAeAB4gHkAeYB6AHqAewB7gHwAfIB9AH2AfgB+gH8Af4BgAKCAoQChgKIAooCjAKOApACkgKUApYCmAKaApwCngKgAqICpAKmAqgCqgKsAq4CsAKyArQCtgK4AroCvAK+AsACwgLEAsYCyALKAswCEvACEh4KFuAB4QHiAeMB5AHlAeYB5wHoAekB6gESBFRISVMSJwoe6gHrAewB7QHuAe8B8AHxAfIB8wH0AfUB9gH3AfgBEgVmcy1JUxIuCib4AfkB+gH7AfwB/QH+Af8BgAKBAoICgwKEAoUChgKHAogCiQKKAhIEZnMtQRIbChKIAokCigKLAowCjQKOAo8CkAISBUdSRUFUEicKHpACkQKSApMClAKVApYClwKYApkCmgKbApwCnQKeAhIFU1RBUlQSIwoangKfAqACoQKiAqMCpAKlAqYCpwKoAqkCqgISBUxFQVJOEiEKFqoCqwKsAq0CrgKvArACsQKyArMCtAISB0VOR0xJU0gSLgoitAK1ArYCtwK4ArkCugK7ArwCvQK+Ar8CwALBAsICwwLEAhIITEFOR1VBR0UiN1RoaXMgaXMgYSBncmVhdCB0byBzdGFydCB0byBsZWFybiB0aGUgZW5nbGlzaCBsYW5ndWFnZS4aBggCEAIYAg=="
"fOl2PKMM5gAf+RcymycplyWKQm9Xulrld4dwm46DEXE=","rgkMm1AjrwMGoVf7ho24FaGeEfG2","1584326051","ASLing/rgkMm1AjrwMGoVf7ho24FaGeEfG2/scGRQSGFZN8RyV6EmdVo","CnK0AbYBvAG+AcABwgHEAcYByAHKAcwBzgHQAdIB1AHWAdgB2gHcAd4B4AHiAeQB5gHoAeoB7AHuAfAB8gH0AfYB+AH6AfwB/gGAAoIChAKGAogCigKMAo4CkAKSApQClgKYApoCnAKeAqACogKkAqgCqgIS7AISPgoO3gHfAeAB4QHiAeMB5AESB0dST1ctVVAaIwoKCgYIFBADGAIYAhIKCgYIFBAHGAIYAhgDKgdHUk9XLVVQEjIKJvYB9wH4AfkB+gH7AfwB/QH+Af8BgAKBAoICgwKEAoUChgKHAogCEghmcy1NQUlORRJACibGAccByAHJAcoBywHMAc0BzgHPAdAB0QHSAdMB1AHVAdYB1wHYARICTUUaEgoKCgYIAhAGGAsYAhgJKgJNRRIuCgqOAo8CkAKRApICEgJCWRocChIKBggSEAUYAhIGCBQQBhgCGAgYDSoCQlkwARIqCh6WApcCmAKZApoCmwKcAp0CngKfAqACoQKiAqMCpAISCGZzLUNPQVNUEjUKEugB6QHqAesB7AHtAe4B7wHwARIFV0hFUkUaGAoKCgYIAhAHGAIYAhgIIgEGKgVXSEVSRSIhSSBncmV3IHVwIGJ5IHRoZSBjb2FzdCBpbiBNYWluZS4gGgYIARACGAI="
"gh3qQf3Kl/Npk3O/AtDcD48uDsI8DYWuwADo3E/GMpo=","BcTm9JOPQUSRhAokEoGQRO5ONDY2","1586052981","ASLing/BcTm9JOPQUSRhAokEoGQRO5ONDY2/t7dO6znj5AsNoIG34L4h","Cj7oAeoB8gH0AfYB+AH6AfwB/gGAAoIChAKGAogCigKMAo4CkAKSApQClgKYApoCnAKeAqACogKkAqYCqAKqAhK2ARIiChL2AfcB+AH5AfoB+wH8Af0B/gESDGl4LW9uZS1zOjEsMhIWCg6CAoMChAKFAoYChwKIAhIEYm90aBIWCg6KAosCjAKNAo4CjwKQAhIEbG92ZRIfChKUApUClgKXApgCmQKaApsCnAISCWNob2NvbGF0ZRIbCg6gAqECogKjAqQCpQKmAhIJaWNlIGNyZWFtIiJUaGV5IGJvdGggbG92ZSBjaG9jb2xhdGUgaWNlIGNyZWFtGgYIAxADGAM="
"h/Z89MocL+DN7x80wU5QVZ39ukjZr9eBE5j9oj7yfGU=","BcTm9JOPQUSRhAokEoGQRO5ONDY2","1586036522","ASLing/BcTm9JOPQUSRhAokEoGQRO5ONDY2/Cd2ZrzqL6ywH9wgyAXMY","CjBiamxucHJ0dnh6fH6AAYIBhAGGAYgBigGMAY4BkAGSAZQBlgGYAZoBnAGeAaABogESchIPCglub3BxcnN0dXYSAndlEhAKCHp7fH1+f4ABEgRtZWV0EhcKDoQBhQGGAYcBiAGJAYoBEgV3aGVyZRIhChaQAZEBkgGTAZQBlQGWAZcBmAGZAZoBEgdjb2xsZWdlIhFXZSBtZXQgaW4gY29sbGVnZRoGCAMQAxgC"
"jT/+Sqeyg8DlQ12nGPe023xLRY3GnDhrFX0k+mbs3UA=","BcTm9JOPQUSRhAokEoGQRO5ONDY2","1588879015","ASLing/BcTm9JOPQUSRhAokEoGQRO5ONDY2/Bg8MMDOKnCkkVU1lCcq6","Cn6SBZQFnAWeBaAFogWkBaYFqAWqBawFrgWwBbIFtAW2BbgFugW8Bb4FwAXCBcQFxgXIBcoFzAXOBdAF0gXUBdYF2AXaBdwF3gXgBeIF5AXmBegF6gXsBe4F8AXyBfQF9gX4BfoF/AX+BYAGggaEBoYGiAaKBowGjgaQBpIGlAYS3wISJwoKxgXHBcgFyQXKBRICTVkaFQoKCgYIBhAGGAoYAhgJIgECKgJNWRJRChbOBc8F0AXRBdIF0wXUBdUF1gXXBdgFEgdQUk9KRUNUGi4KEgoGCB0QBhgTEgYIBhAGGAoYCBIICgQIHBAGGAcYBSIBBioHUFJPSkVDVDABEjcKDt4F3wXgBeEF4gXjBeQFEgNDQU4aIAoSCgYIKBADGAISBggoEAMYAhgFGAQiAQIqA0NBTjACEikKCugF6QXqBesF7AUSA1lPVRoWCgoKBggCEAMYAhgCGAoiAQIqA1lPVRJZChbwBfEF8gXzBfQF9QX2BfcF+AX5BfoFEgdIRUxQLU1FGjYKEgoGCBAQBhgTEgYIExACGAIYAxIQCgYIEBAGGBMSBggTEAIYChgJIgECKgdIRUxQLU1FMAEiIkNvdWxkIHlvdSBoZWxwIG1lIHdpdGggbXkgcHJvamVjdD8aBggCEAIYAg=="
"jseOL/dEcgWky5TohRm54ValiEVIxmJzjMhELD+ywYE=","rgkMm1AjrwMGoVf7ho24FaGeEfG2","1587845471","ASLing/rgkMm1AjrwMGoVf7ho24FaGeEfG2/61ijbDeIdmnCRJT3ugt8","Co8BGhwiJCYoKiwuMDI0Njg6PD5AQkRGSEpMTlBSVFZYWlxeYGJkZmhqbG5wcnR2eHp8foABggGEAYYBiAGKAYwBjgGQAZIBlAGWAZgBmgGcAZ4BoAGiAaQBpgGoAaoBrAGuAbABsgG0AbYBuAG6AbwBvgHAAcIBxAHGAcgBygHMAc4B0AHSAdQB1gHYAdoB3AES0QUSMwoVUlNUVVZXWFlaW1xdXl9gYWJjZGVmEgRGSVZFGhQKCgoGCAYQBhgCGAIYCioERklWRRIpCgdsbW5vcHFyEgZSRUFTT04aFgoKCgYIJxAFGAcYAhgMKgZSRUFTT04SKwoFdnd4eXoSAk1FGh4KCgoGCAIQBhgCGAISCgoGCAIQBhgLGAIYCSoCTUUSRQoIfn+AAYEBggESA0NBTho0ChIKBggoEAcYAhIGCCgQBxgCGAUSEgoGCCgQAxgCEgYIKBADGAIYBRgEIgEGKgNDQU4wAhJSCg6GAYcBiAGJAYoBiwGMARIIUzpHSVZFOkEaNgoSCgYIJRAFGAISBgglEAUYAhgFEhIKBgglEAIYAhIGCCUQAhgCGAUYCioIUzpHSVZFOkEwAhI1CgqQAZEBkgGTAZQBEgNXSFkaIgoKCgYIFBAFGAcYAhIKCgYILhAGGAcYAhgEIgEIKgNXSFkSKgoOmAGZAZoBmwGcAZ0BngESA1lPVRoTCgoKBggCEAUYAhgCGAoqA1lPVRI3CgqiAaMBpAGlAaYBEgRORUVEGiMKCgoGCCwQBxgCGAISCgoGCCwQAxgCGAIYBCIBBioETkVFRBI2CgqsAa0BrgGvAbABEgVXQVRDSBohCgoKBggtEAYYBRgCEgoKBggtEAYYBxgCGAoqBVdBVENIEjMKBrYBtwG4ARIEVEhBVBojCgoKBgguEAcYAhgCEgoKBgguEAMYAhgCGAQiAQYqBFRIQVQSXwomwAHBAcIBwwHEAcUBxgHHAcgByQHKAcsBzAHNAc4BzwHQAdEB0gESBVZJREVPGi4KEgoGCBQQBxgTEgYIBhAEGAIYBRIKCgYICBAHGBMYBRgCIgEGKgVWSURFTzABIj1pIGNhbiBnaXZlIHlvdSBmaXZlIHJlYXNvbnMgd2h5IHlvdSBuZWVkIHRvIHdhdGNoIHRoYXQgdmlkZW8uGgYIAhABGAI="
"k2bBVv7Lvxi5FwCIfnda44TrkyXGXizFGkXbIJ2756E=","xLZO3KHKoEhefIH5KxOEF3EmRek2","1583946946","ASLing/xLZO3KHKoEhefIH5KxOEF3EmRek2/KIt67ERxPFTVXUl8g2vQ","CpIBlgOcA54DoAOiA6QDpgOoA6oDrAOuA7ADsgO0A7YDuAO6A7wDvgPAA8IDxAPGA8gDygPMA84D0APSA9QD1gPYA9oD3APeA+AD4gPkA+YD6APqA+wD7gPwA/ID9AP2A/gD+gP8A/4DgASCBIQEhgSIBIoEjASOBJAEkgSUBJYEmASaBJwEngSgBKIEpASmBKgEqgQSgQQSNAoayAPJA8oDywPMA80DzgPPA9AD0QPSA9MD1AMSAk1FGhIKCgoGCAIQBhgKGAIYCSoCTUUSPgoO1gPXA9gD2QPaA9sD3AMSB0dST1ctVVAaIwoKCgYIEhADGAIYAhIKCgYIEhADGAIYAhgDKgdHUk9XLVVQEgASABJHCh76A/sD/AP9A/4D/wOABIEEggSDBIQEhQSGBIcEiAQSCGZzLU1BSU5FGhsKCgoGCB8QBxgCGAIYAiIBCSoIZnMtTUFJTkUSMQoKigSLBIwEjQSOBBICQlkaHwoSCgYIEhAGGBMSBggSEAYYExgIGA0iAQIqAkJZMAESYwoijgSPBJAEkQSSBJMElASVBJYElwSYBJkEmgSbBJwEnQSeBBIFQ09BU1QaNgoSCgYICBAFGAISBggoEAMYAhgDEhIKBggGEAUYAhIGCCgQAxgCGAQYBSIBAioFQ09BU1QwARJHChrqA+sD7APtA+4D7wPwA/ED8gPzA/QD9QP2AxIKSVgtT05FLXM6MhodCgoKBggCEAcYAhgCGAoiAQYqCklYLU9ORS1zOjISOQoW3gPfA+AD4QPiA+MD5APlA+YD5wPoAxIFV0hFUkUaGAoKCgYIAhAHGAIYAhgCIgEGKgVXSEVSRSIgSSBncmV3IHVwIGluIE1haW5lIGJ5IHRoZSBiZWFjaC4aBggCEAMYAg=="
"l+jFA0rKQzDLqBSS9HJXnoiaGSrtMOqr/1FF/T4AmnA=","BcTm9JOPQUSRhAokEoGQRO5ONDY2","1588612076","ASLing/BcTm9JOPQUSRhAokEoGQRO5ONDY2/jFjb5iczkTrjZck8eREP","CpIBlgGeAaABogGkAaYBqAGqAawBrgGwAbIBtAG2AbgBugG8Ab4BwAHCAcQBxgHIAcoBzAHOAdAB0gHUAdYB2AHaAdwB3gHgAeIB5AHmAegB6gHsAe4B8AHyAfQB9gH4AfoB/AH+AYACggKEAoYCiAKKAowCjgKQApIClAKWApgCmgKcAp4CoAKiAqQCpgKoAqoCrAIS/AISJwoK3AHdAd4B3wHgARICSUYaFQoKCgYIHBAGGAUYAhgCIgECKgJJRhIpCgrkAeUB5gHnAegBEgNZT1UaFgoKCgYIAhADGAIYAhgCIgECKgNZT1USLQoO7gHvAfAB8QHyAfMB9AESA1NFRRoWCgoKBggdEAYYBRgCGAoiAQIqA1NFRRJJCgr6AfsB/AH9Af4BEgRiZWFyGjUKEgoGCAYQBhgMEgYIBhAGGAwYCxISCgYIBxAGGAwSBggHEAYYDBgLGAIiAQgqBGJlYXIwAxJDChaCAoMChAKFAoYChwKIAokCigKLAowCEgpJWC1PTkUtczoyGh0KCgoGCAIQAxgCGAIYBiIBAioKSVgtT05FLXM6MhI7ChKSApMClAKVApYClwKYApkCmgISA1JVThogChIKBggeEAYYExIGCB4QBhgCGAcYBCIBAioDUlVOMAEiKklmIHlvdSBzZWUgYSBiZWFyIGhlcmUsIHJ1biBmb3IgeW91ciBsaWZlLhoGCAIQAxgB"
"nDXa+QvM37AIll8upmOEQYIu1la2S6+7magBGTLxTtk=","xLZO3KHKoEhefIH5KxOEF3EmRek2","1587063676","ASLing/xLZO3KHKoEhefIH5KxOEF3EmRek2/0BKwVgnDhXmyoDP6Croz","Cmy4AboBwgHEAcYByAHKAcwBzgHQAdIB1AHWAdgB2gHcAd4B4AHiAeQB5gHoAeoB7AHuAfAB8gH0AfYB+AH6AfwB/gGAAoIChAKGAogCigKMAo4CkAKSApQClgKYApoCnAKeAqACogKkAqYCqAISswESNAoq3gHfAeAB4QHiAeMB5AHlAeYB5wHoAekB6gHrAewB7QHuAe8B8AHxAfIBEgZmcy1ESUQSIQoa9AH1AfYB9wH4AfkB+gH7AfwB/QH+Af8BgAISA1lPVRIcChaCAoMChAKFAoYChwKIAokCigKLAowCEgJHTxInCh6OAo8CkAKRApICkwKUApUClgKXApgCmQKaApsCnAISBVRIRVJFIhFEaWQgeW91IGdvIHRoZXJlPxoGCAEQARgB"
"np9bcM0eNZGKuquWvc+VSIYQnuhm70wQNFY7ebPrApA=","BcTm9JOPQUSRhAokEoGQRO5ONDY2","1585428864","ASLing/BcTm9JOPQUSRhAokEoGQRO5ONDY2/1qOLIsbIjWK14VDPeZIW","CjdydHp8foABggGEAYYBiAGKAYwBjgGQAZIBlAGWAZgBmgGcAZ4BoAGiAaQBpgGoAaoBrAGuAbABEq4BEhwKDoIBgwGEAYUBhgGHAYgBEgppeC1vbmUtczoxEhgKCooBiwGMAY0BjgESCml4LW9uZS1zOjMSFQoGkgGTAZQBEgtpeC1vbmUtczoxKxImChqYAZkBmgGbAZwBnQGeAZ8BoAGhAaIBowGkARIIYXBwcm9hY2gSGQoKqAGpAaoBqwGsARILaXgtb25lLXM6MysiGkhlIHRvb2sgYSBzdGVwIHRvd2FyZHMgaGVyGgYIAxADGAQ="
"onsXx0vuFvB6BQGoN1JapAjxygbCX6ZSpvOAobfnmsI=","BcTm9JOPQUSRhAokEoGQRO5ONDY2","1587833386","ASLing/BcTm9JOPQUSRhAokEoGQRO5ONDY2/mseJN3pGUibaV7DSoHql","CpABqgqsCq4KsAqyCrQKtgq4CroKvAq+CsAKwgrECsYKyArKCswK1grYCtoK3AreCuAK4grkCuYK6ArqCuwK7grwCvIK9Ar2CvgK+gr8Cv4KgAuCC4QLhguIC4oLjAuOC5ALkguUC5YLmAuaC5wLngugC6ILpAumC6gLqgusC64LsAuyC7QLtgu4C7oLvAu+C8ALEqIDEjcKDvgK+Qr6CvsK/Ar9Cv4KEgJNRRohCgoKBggCEAYYAhgCEgoKBggCEAYYChgCGAkiAQIqAk1FEksKEoILgwuEC4ULhguHC4gLiQuKCxIFQ0hFQ0saLgoSCgYIAhAGGAUSBggUEAYYAhgIEgoKBggCEAcYAhgFGAUiAQQqBUNIRUNLMAESMwoKjAuNC44LjwuQCxIIUE9TUy1zOjIaGwoKCgYIBhAEGAIYAhgGIgECKghQT1NTLXM6MhJHCg6SC5MLlAuVC5YLlwuYCxILVEVNUEVSQVRVUkUaKAoSCgYIAhAGGBMSBggCEAQYAhgIGAUiAQIqC1RFTVBFUkFUVVJFMAESLQoKnAudC54LnwugCxIFRVZFUlkaGAoKCgYIEBAFGAcYAhgEIgECKgVFVkVSWRI9ChKiC6MLpAulC6YLpwuoC6kLqgsSBEhPVVIaIQoSCgYIAhAFGBMSBggTEAQYAhgFGAwiAQIqBEhPVVIwASIuSSd2ZSBiZWVuIGNoZWNraW5nIGhpcyB0ZW1wZXJhdHVyZSBldmVyeSBob3VyLhoGCAIQAxgC"
"pEnvkjaWhdFYDakocLQoPYF0wKivKXieguihiursDX0=","xLZO3KHKoEhefIH5KxOEF3EmRek2","1584989804","ASLing/xLZO3KHKoEhefIH5KxOEF3EmRek2/p25QjY68rqHyDG3EPCtS","ClBaYmRmaGpsbnBydHZ4enx+gAGCAYQBhgGIAYoBjAGOAZABkgGUAZYBmAGaAZwBngGgAaIBpAGmAagBqgGsAa4BsAGyAbQBtgG4AboBvAG+ARLdARIfChh+f4ABgQGCAYMBhAGFAYYBhwGIAYkBigESA0NBThIQCgqKAYsBjAGNAY4BEgJNRRIcChKOAY8BkAGRAZIBkwGUAZUBlgESBkJPUlJPVxIiChqWAZcBmAGZAZoBmwGcAZ0BngGfAaABoQGiARIEWU9VUhIdChKiAaMBpAGlAaYBpwGoAakBqgESB0VOR0xJU0gSJgoeqgGrAawBrQGuAa8BsAGxAbIBswG0AbUBtgG3AbgBEgRCT09LIh9DYW4gSSBib3Jyb3cgeW91ciBlbmdsaXNoIGJvb2s/GgYIARABGAE="
"pzAiXoi7bqM5QKXwMnrYSWQ+5/W+Q3AfIuWQL/nKMRI=","xLZO3KHKoEhefIH5KxOEF3EmRek2","1585861615","ASLing/xLZO3KHKoEhefIH5KxOEF3EmRek2/I9CQe4GbLtMeshxqzxKL","CmVsbnZ4enx+gAGCAYQBhgGIAYoBjAGOAZABkgGUAZYBmAGaAZwBngGgAaIBpAGmAagBqgGsAa4BsAGyAbQBtgG4AboBvAG+AcABwgHEAcYByAHKAcwBzgHQAdIB1AHWAdgB2gHcARI2IjRUaHJlZSB5ZWFycyBhZ28sIEkgdmlzaXRlZCBqYXBhbiBmb3IgdGhlIGZpcnN0IHRpbWUuGgA="
"t5aawEsAp+TPuXWznhvUWNXJL+zuGwVdew0Fthlxyv0=","xLZO3KHKoEhefIH5KxOEF3EmRek2","1587401156","ASLing/xLZO3KHKoEhefIH5KxOEF3EmRek2/ONxpalxdgC5QFfryyfLk","Cml6ggGEAYYBiAGKAYwBjgGQAZIBlAGWAZgBmgGcAZ4BoAGiAaQBpgGoAaoBrAGuAbABsgG0AbYBuAG6AbwBvgHAAcIBxAHGAcgBygHMAc4B0AHSAdQB1gHYAdoB3AHeAeAB4gHkAeYB6AESwAESKQoepAGlAaYBpwGoAakBqgGrAawBrQGuAa8BsAGxAbIBEgdDQVJFRlVMEi0KJrQBtQG2AbcBuAG5AboBuwG8Ab0BvgG/AcABwQHCAcMBxAHFAcYBEgNZT1USEwoKyAHJAcoBywHMARIFTUFZQkUSMgoqzAHNAc4BzwHQAdEB0gHTAdQB1QHWAdcB2AHZAdoB2wHcAd0B3gHfAeABEgRGQUxMIhtCZSBjYXJlZnVsLCB5b3UgbWlnaHQgZmFsbC4aBggCEAMYAg=="
"uc2N7CMfHFEwpeIBUFwCiz4qpeUtLiWoS0+JxD1DB+I=","xLZO3KHKoEhefIH5KxOEF3EmRek2","1587400922","ASLing/xLZO3KHKoEhefIH5KxOEF3EmRek2/gMwV0HU5XAApnWuP7LAg","CqgBogGkAaoBrAGuAbABsgG0AbYBuAG6AbwBvgHAAcIBxAHGAcgBygHMAc4B0AHSAdQB1gHYAdoB3AHeAeAB4gHkAeYB6AHqAewB7gHwAfIB9AH2AfgB+gH8Af4BgAKCAoQChgKIAooCjAKOApACkgKUApYCmAKaApwCngKgAqICpAKmAqgCqgKsAq4CsAKyArQCtgK4AroCvAK+AsACwgLEAsYCyALKAswCEsgCEjsKMtoB2wHcAd0B3gHfAeAB4QHiAeMB5AHlAeYB5wHoAekB6gHrAewB7QHuAe8B8AHxAfIBEgVCUkFORBI9Ci70AfUB9gH3AfgB+QH6AfsB/AH9Af4B/wGAAoECggKDAoQChQKGAocCiAKJAooCEgsgSVgtT05FLXM6MRIlCh6MAo0CjgKPApACkQKSApMClAKVApYClwKYApkCmgISA1dPVxI7CiqaApsCnAKdAp4CnwKgAqECogKjAqQCpQKmAqcCqAKpAqoCqwKsAq0CrgISDUlOVEVSTkFUSU9OQUwSQAoyrgKvArACsQKyArMCtAK1ArYCtwK4ArkCugK7ArwCvQK+Ar8CwALBAsICwwLEAsUCxgISCkVWRVJZV0hFUkUiJFRoZWlyIGJyYW5kIGhhcyBnb25lIGludGVybmF0aW9uYWwhIBoGCAMQAhgC"
"uteR8BJgZid6VY50Kf6Z9/SN3woQ2zrAVUxoTH9dfkI=","xLZO3KHKoEhefIH5KxOEF3EmRek2","1587160733","ASLing/xLZO3KHKoEhefIH5KxOEF3EmRek2/aPPFaIjSYP0On5kEo4d3","CmaGA4gDkAOSA5QDlgOYA5oDnAOeA6ADogOkA6YDqAOqA6wDrgOwA7IDtAO2A7gDugO8A74DwAPCA8QDxgPIA8oDzAPOA9AD0gPUA9YD2APaA9wD3gPgA+ID5APmA+gD6gPsA+4D8AMSlgESFQoOuAO5A7oDuwO8A70DvgMSA0hJUxIvCibAA8EDwgPDA8QDxQPGA8cDyAPJA8oDywPMA80DzgPPA9AD0QPSAxIFR1JBREUSMgom1APVA9YD1wPYA9kD2gPbA9wD3QPeA98D4APhA+ID4wPkA+UD5gMSCElOQ1JFQVNFIhhIaXMgZ3JhZGVzIGhhdmUgZ29uZSB1cC4aBggCEAIYAg=="
"vAkOltDEHcGkz3JBKn4d7cBIWlXdEHGHtZFZHVUOqN8=","rgkMm1AjrwMGoVf7ho24FaGeEfG2","1585426547","ASLing/rgkMm1AjrwMGoVf7ho24FaGeEfG2/jSIT6izjF1n8THKMqQo3","ClCiAqQCpgKsAq4CsAKyArQCtgK4AroCvAK+AsACwgLEAsYCyALKAswCzgLQAtIC1ALWAtgC2gLcAt4C4ALiAuQC5gLoAuoC7ALuAvAC8gL0AhL+AhJECh7CAsMCxALFAsYCxwLIAskCygLLAswCzQLOAs8C0AISAk1FGh4KCgoGCAIQBhgCGAISCgoGCAIQBhgLGAIYCSoCTUUSSAoG1gLXAtgCEgdTQVRJU0ZZGjUKEgoGCBQQAxgCEgYIFBADGAIYAxISCgYIFBADGAoSBggUEAMYChgDGAkqB1NBVElTRlkwAhJCCgbcAt0C3gISBFdJVEgaMgoSCgYIDxAFGAISBggPEAUYAhgFEhIKBggPEAUYExIGCA8QBRgTGAUYDSoEV0lUSDACEkAKCuIC4wLkAuUC5gISClNFTEYtcDozLDQaJgoKCgYIFBAFGAIYAhIKCgYIFBAEGAIYAhgGKgpTRUxGLXA6Myw0Ej4KCuoC6wLsAu0C7gISBFdPUksaKgoSCgYIDxAFGAISBggPEAMYAhgFEgoKBggPEAUYExgFGA0qBFdPUkswASImSeKAmW0gcXVpdGUgc2F0aXNmaWVkIHdpdGggdGhlaXIgd29yay4aBggBEAIYAg=="
"vaqqw14Mmzh9PAZBsjoZ9g0v2xzXSkytLUmWswTChb0=","rgkMm1AjrwMGoVf7ho24FaGeEfG2","1585020973","ASLing/rgkMm1AjrwMGoVf7ho24FaGeEfG2/CCq2rxxgOcIZTnzSns57","CoIBjAGSAZQBlgGYAZoBnAGeAaABogGkAaYBqAGqAawBrgGwAbIBtAG2AbgBugG8Ab4BwAHCAcQBxgHIAcoBzAHOAdAB0gHUAdYB2AHaAdwB3gHgAeIB5AHmAegB6gHsAe4B8AHyAfQB9gH4AfoB/AH+AYACggKEAoYCiAKKAowCjgKQAhLkBBJbCh60AbUBtgG3AbgBuQG6AbsBvAG9Ab4BvwHAAcEBwgESA0NBTho0ChIKBggoEAcYAhIGCCgQBxgCGAUSEgoGCCgQAxgCEgYIKBADGAIYBRgEIgEGKgNDQU4wAhIeCgLGARIDWU9VGhMKCgoGCAIQBRgCGAIYAioDWU9VEkQKCswBzQHOAc8B0AESA0JVWRoxChIKBgglEAUYExIGCAYQBBgCGAMSEgoGCCUQBRgCEgYIBhAEGAIYBRgKKgNCVVkwARIgCgbWAdcB2AESAk1FGhIKCgoGCAIQBhgLGAIYCSoCTUUSPgoK3AHdAd4B3wHgARIEU09NRRoqChIKBggUEAUYAhIGCAYQAhgCGAMSCgoGCBQQBRgTGAMYCSoEU09NRTABEiQKGvAB8QHyAfMB9AH1AfYB9wH4AfkB+gH7AfwBEgZmcy1PSUwSQgoGgAKBAoICEgRGUk9NGjIKEgoGCCwQBhgTEgYIAhAEGAIYCBISCgYILBAGGAISBggCEAMYAhgFGA4qBEZST00wARJPCg6EAoUChgKHAogCiQKKAhIFU1RPUkUaNgoSCgYIJRAGGAISBgglEAYYAhgFEhIKBgglEAcYAhIGCCUQBxgCGAUYAiIBBCoFU1RPUkUwAhJRChLiAeMB5AHlAeYB5wHoAekB6gESBENPT0saNQoSCgYIFBADGAISBggGEAIYAhgDEhIKBggUEAMYExIGCAYQAhgCGAMYBSIBBSoEQ09PSzABIi9jb3VsZCB5b3UgYnV5IG1lIHNvbWUgY29va2luZyBvaWwgYXQgdGhlIHN0b3JlPxoGCAEQAhgC"
"vm3RJ3Y/YbjpnizDBzrtYVsVenKXjt6c5G4WyqJdcGI=","xLZO3KHKoEhefIH5KxOEF3EmRek2","1584813834","ASLing/xLZO3KHKoEhefIH5KxOEF3EmRek2/vKzr8ivkgLHEXpDPjQLR","CmbgAeIB6AHqAewB7gHwAfIB9AH2AfgB+gH8Af4BgAKCAoQChgKIAooCjAKOApACkgKUApYCmAKaApwCngKgAqICpAKmAqgCqgKsAq4CsAKyArQCtgK4AroCvAK+AsACwgLEAsYCyAISwgESJgoelgKXApgCmQKaApsCnAKdAp4CnwKgAqECogKjAqQCEgRLTk9XEhsKEqQCpQKmAqcCqAKpAqoCqwKsAhIFV0hFUkUSLwomrAKtAq4CrwKwArECsgKzArQCtQK2ArcCuAK5AroCuwK8Ar0CvgISBVBMQUNFEigKGooCiwKMAo0CjgKPApACkQKSApMClAKVApYCEgpJWC1PTkUtczoyIiBEbyB5b3Uga25vdyB3aGVyZSB0aGlzIHBsYWNlIGlzPxoGCAQQAhgC"
"w6XPv0R/7nDG/2W457eGPV5jYvnxK5Py9IKxi5I6Ygc=","BcTm9JOPQUSRhAokEoGQRO5ONDY2","1586054546","ASLing/BcTm9JOPQUSRhAokEoGQRO5ONDY2/292ABg3Tj2cMJmcmYSzz","CiViaGpsbnBydHZ4enx+gAGCAYQBhgGIAYoBjAGOAZABkgGUAZYBEu4BEiYKBXBxcnN0EgR0aGlzGhcKCgoGCAIQBhgCGAIYBCIBAioEdGhpcxIyCgV4eXp7fBIFbWlnaHQaIgoSCgYIBhACGAISBggGEAIYAhgFGAUiAQIqBW1pZ2h0MAMSOwoSgAGBAYIBgwGEAYUBhgGHAYgBEghhY3R1YWxseRobCgoKBggCEAUYBhgCGAoiAQYqCGFjdHVhbGx5EjkKDooBiwGMAY0BjgGPAZABEgR3b3JrGiEKEgoGCA8QBRgTEgYIKBADGAIYAxgFIgECKgR3b3JrMAEiGFRoaXMgbWlnaHQgYWN0dWFsbHkgd29yaxoGCAMQAxgD"
"wDewFJPRUGi/rcxdb0BVDlQ5Y9+D4cfdu1si5z1oEew=","rgkMm1AjrwMGoVf7ho24FaGeEfG2","1585600767","ASLing/rgkMm1AjrwMGoVf7ho24FaGeEfG2/z9IOttyh2dI5qEECMcM8","ClI4OjxCREZISkxOUFJUVlhaXF5gYmRmaGpsbnBydHZ4enx+gAGCAYQBhgGIAYoBjAGOAZABkgGUAZYBmAGaAZwBngGgAaIBpAGmAagBqgGsAa4BErEDEkIKDVhZWltcXV5fYGFiY2QSA0FMTBosChIKBggUEAcYAhIGCBQQBhgCGAUSCgoGCBQQBhgTGAgYDSIBAyoDQUxMMAESGwoBahICTVkaEgoKCgYIBhAGGAoYAhgCKgJNWRItCgdub3BxcnN0EghGQVZPUklURRoYCgoKBggOEAYYBhgCGAsqCEZBVk9SSVRFEkcKCHp7fH1+f4ABEgRCT09LGjUKEgoGCBQQBRgTEgYIFBAFGBMYBRISCgYIFBAGGBMSBggUEAYYExgFGAgiAQUqBEJPT0swAhI1ChKEAYUBhgGHAYgBiQGKAYsBjAESBVdIRVJFGhgKCgoGCAIQBxgCGAIYCCIBBioFV0hFUkUSJwoGlAGVAZYBEgRUSElTGhcKCgoGCAIQAxgCGAIYBCIBBioEVEhJUxJMCg6aAZsBnAGdAZ4BnwGgARIFU0hFTEYaMwoSCgYIEhAFGBMSBggSEAUYExgFEhIKBggSEAcYAhIGCBIQBxgCGAUYDioFU0hFTEYwAiIoYWxsIG15IGZhdm9yaXRlIGJvb2tzIGFyZSBvbiB0aGlzIHNoZWxmLhoGCAMQAxgC"
"x9O7n2UJs0Oc/RxDvUUdlVaWBwFmvNYvrqrHPYsugAA=","BcTm9JOPQUSRhAokEoGQRO5ONDY2","1588958321","ASLing/BcTm9JOPQUSRhAokEoGQRO5ONDY2/qyP6NdcjbM8f3CdvbC7y","CmSKBowGjgaUBpYGmAaaBpwGngagBqIGpAamBqgGqgasBq4GsAayBrQGtga4BroGvAa+BsAGwgbEBsYGyAbKBswGzgbQBtIG1AbWBtgG2gbcBt4G4AbiBuQG5gboBuoG7AbuBvAGEpYCEkMKFqwGrQauBq8GsAaxBrIGswa0BrUGtgYSCklYLU9ORS1zOjMaHQoKCgYIAhADGAIYAhgGIgECKgpJWC1PTkUtczozEi0KDrwGvQa+Br8GwAbBBsIGEgNPTkUaFgoKCgYIAhAEGAIYAhgKIgECKgNPTkUSPwoSyAbJBsoGywbMBs0GzgbPBtAGEgpJWC1PTkUtczo0Gh0KCgoGCAIQAxgCGAIYByIBAioKSVgtT05FLXM6NBI5Cg7UBtUG1gbXBtgG2QbaBhIEV0FJVBohChIKBggGEAQYAhIGCAYQBBgCGAUYAiIBCSoEV0FJVDACIiRTaGUncyB0aGUgb25lIGhlJ3MgYmVlbiB3YWl0aW5nIGZvci4aBggCEAIYAg=="
"xd06GZmAWO8B3eFxzxZXlWMCJZUafCQ6V/1V7ki9KUc=","xLZO3KHKoEhefIH5KxOEF3EmRek2","1584986754","ASLing/xLZO3KHKoEhefIH5KxOEF3EmRek2/OSqg1X53VxNEf3x8oN8G","ClaADYgNig2MDY4NkA2SDZQNlg2YDZoNnA2eDaANog2kDaYNqA2qDawNrg2wDbINtA22DbgNug28Db4NwA3CDcQNxg3IDcoNzA3ODdAN0g3UDdYN2A3aDRL4ARIgChqaDZsNnA2dDZ4Nnw2gDaENog2jDaQNpQ2mDRICbWUSIgoapg2nDagNqQ2qDasNrA2tDa4Nrw2wDbENsg0SBExBVEUSBAoCsg0SABIAEhEKCrINsw20DbUNtg0SA2ZvchIUCg62DbcNuA25DboNuw28DRICbXkSIAoWvA29Db4Nvw3ADcENwg3DDcQNxQ3GDRIGZG9jdG9yEikKGsYNxw3IDckNyg3LDcwNzQ3ODc8N0A3RDdINEgtBUFBPSU5UTUVOVCIwSSBhbSBydW5uaW5nIGxhdGUgZm9yIG15IGRvY3RvcuKAmXMgYXBwb2ludG1lbnQuGgYIBBAEGAQ="
"xvtvTUQVSkci+0/xWq72Ivu4XQPV+P+U79LyrEHKQj8=","BcTm9JOPQUSRhAokEoGQRO5ONDY2","1590612086","ASLing/BcTm9JOPQUSRhAokEoGQRO5ONDY2/wDPYfVrvVa9INlOAK5AG","Cmg8PkBCREZISkxOUFJUVlhaXF5gYmRmaGpsbnBydHZ4enx+gAGCAYQBhgGIAYoBjAGOAZABkgGUAZYBmAGaAZwBngGgAaIBpAGmAagBqgGsAa4BsAGyAbQBtgG4AboBvAG+AcABwgHEARLzARI5ChKCAYMBhAGFAYYBhwGIAYkBigESAkRPGh8KEgoGCAcQAxgCEgYIBxADGAIYBRgIIgECKgJETzACEikKCo4BjwGQAZEBkgESA1lPVRoWCgoKBggCEAMYAhgCGAoiAQIqA1lPVRJFCgqYAZkBmgGbAZwBEgJHTxozChIKBggCEAcYAhIGCAIQBxgCGAUSEgoGCAIQBRgCEgYIAhAFGAIYBRgCIgEGKgJHTzACEjEKDqABoQGiAaMBpAGlAaYBEgVUSEVSRRoYCgoKBggCEAMYAhgCGAciAQIqBVRIRVJFIhFEaWQgeW91IGdvIHRoZXJlPxoGCAIQAhgC"
"xzdh4uzJlE0wCHrN1SJNQe16KlYNgsfWfvAa2ft1L38=","BcTm9JOPQUSRhAokEoGQRO5ONDY2","1590855223","ASLing/BcTm9JOPQUSRhAokEoGQRO5ONDY2/RNvQxdSexkoiebdwRkeD","CoQBigSSBJQElgSYBJoEnASeBKAEogSkBKYEqASqBKwErgSwBLIEtAS2BLgEugS8BL4EwATCBMQExgTIBMoEzATOBNAE0gTUBNYE2ATaBNwE3gTgBOIE5ATmBOgE6gTsBO4E8ATyBPQE9gT4BPoE/AT+BIAFggWEBYYFiAWKBYwFjgWQBZIFEs8BEh8KEsQExQTGBMcEyATJBMoEywTMBBIJRElGRkVSRU5UEh0KEtAE0QTSBNME1ATVBNYE1wTYBBIHQkVUV0VFThIbChLcBN0E3gTfBOAE4QTiBOME5AQSBUhBUFBZEh4KEuoE6wTsBO0E7gTvBPAE8QTyBBIIU0FUSVNJRlkSFgoO+AT5BPoE+wT8BP0E/gQSBFdIQVQiOFdoYXQncyB0aGUgZGlmZmVyZW5jZSBiZXR3ZWVuIGhhcHBpbmVzcyBhbmQgY29udGVudG1lbnQ/GgYIAhACGAI="
"z3RjFYvUJXauMCerIuRyLgbMlRZ+y+3WzPM+9ej6bpM=","BcTm9JOPQUSRhAokEoGQRO5ONDY2","1585513455","ASLing/BcTm9JOPQUSRhAokEoGQRO5ONDY2/ecs6zKZnMA9FORRJNnIC","CjiKBZIFlAWWBZgFmgWcBZ4FoAWiBaQFpgWoBaoFrAWuBbAFsgW0BbYFuAW6BbwFvgXABcQFxgXIBRKAARIWCg6aBZsFnAWdBZ4FnwWgBRIEZ2l2ZRIOCgakBaUFpgUSBHRoaXMSIgoSrgWvBbAFsQWyBbMFtAW1BbYFEgxpeC1vbmUtczoxLDISGAoOugW7BbwFvQW+Bb8FwAUSBnBsZWFzZSIYUGxlYXNlIGdpdmUgdGhpcyB0byB0aGVtGgYIAxADGAM="
"zNrblPiwmt4mcvL6i8j85K5YUmdhN5NMn9QsMDc16gg=","BcTm9JOPQUSRhAokEoGQRO5ONDY2","1594661572","ASLing/BcTm9JOPQUSRhAokEoGQRO5ONDY2/yVFsUvmMrrEJPDH5daIR","CnQgIiQmKCosLjAyNDY4Ojw+QEJERkhKTE5QUlRWWFpcXmBiZGZoamxucHJ0dnh6fH6AAYIBhAGGAYgBigGMAY4BkAGSAZQBlgGYAZoBnAGeAaABogGkAaYBqAGqAawBrgGwAbIBtAG2AbgBugG8Ab4BwAHCARLhAxIkCgVKS0xNThIDWU9VGhYKCgoGCAIQAxgCGAIYCiIBAioDWU9VEkAKB1RVVldYWVoSBUFMTE9XGi4KCgoGCBQQBhgCGAUSEgoGCBQQBRgCEgYIFBAFGAIYBRgKIgECKgVBTExPVzACEigKB15fYGFiY2QSBFlPVVIaFwoKCgYIBhAHGAIYAhgKIgECKgRZT1VSEiYKB2hpamtsbW4SA0tJRBoWCgoKBggwEAMYBRgCGAIiAQYqA0tJRBJECgV0dXZ3eBIEUExBWRo1ChIKBgguEAYYAhIGCC4QBhgCGAUSEgoGCC4QBRgCEgYILhAFGAIYBRgCIgEFKgRQTEFZMAMSTwocfn+AAYEBggGDAYQBhQGGAYcBiAGJAYoBiwGMARIHT1VUU0lERRomCgoKBggIEAMYAhgCEgoKBgglEAIYAhgCGAYiAQYqB09VVFNJREUSWwoamAGZAZoBmwGcAZ0BngGfAaABoQGiAaMBpAESBUhPVVNFGjYKEgoGCBQQBRgTEgYIFBAFGBMYBRISCgYIFBAFGAISBggUEAUYAhgFGAQiAQIqBUhPVVNFMAIiMURvIHlvdSBhbGxvdyB5b3VyIGtpZHMgdG8gcGxheSBvdXRzaWRlIHRoZSBob3VzZT8aAggF"
"zcejUd01Y+f48eJ0efqGn/4elIqbnxv1xRmgtkSn2PM=","rgkMm1AjrwMGoVf7ho24FaGeEfG2","1585429426","ASLing/rgkMm1AjrwMGoVf7ho24FaGeEfG2/5n8MnGizauOV92WlXOUl","ClrIAcoB0AHSAdQB1gHYAdoB3AHeAeAB4gHkAeYB6AHqAewB7gHwAfIB9AH2AfgB+gH8Af4BgAKCAoQChgKIAooCjAKOApACkgKUApYCmAKaApwCngKgAqICpAISiAMSPAoW6gHrAewB7QHuAe8B8AHxAfIB8wH0ARICTUUaHgoKCgYIAhAGGAIYAhIKCgYIAhAGGAsYAhgJKgJNRRIiCgL6ARIFVEhJTksaFQoKCgYIAhAFGAcYAhgCKgVUSElOSxIeCgKAAhIDWU9VGhMKCgoGCAIQBRgCGAIYAioDWU9VEi4KBoQChQKGAhIDU0FZGh8KCgoGCAIQBhgGGAISCgoGCAIQBRgGGAIYCioDU0FZEiQKBogCiQKKAhIEVEhJUxoUCgoKBggCEAMYAhgCGAQqBFRISVMSJwoGjgKPApACEgRXSUxMGhcKCgoGCBQQBRgHGAIYAiIBBioEV0lMTBIPCgaSApMClAISBWZzLUJFEkUKDpoCmwKcAp0CngKfAqACEgRFQVNZGi0KEgoGCBQQBhgTEgYIFBAGGAIYBxIKCgYIFBAGGAIYBRgIIgECKgRFQVNZMAEiLUkgdGhvdWdodCB5b3Ugc2FpZCB0aGlzIHdhcyBnb2luZyB0byBiZSBlYXN5PxoGCAIQAhgC"
